infinitive	je	tu	il_elle_on	nous	vous	ils_elles	auxiliary
dire	dis	dis	dit	disons	dites	disent	avoir
voir	vois	vois	voit	voyons	voyez	voient	avoir
mettre	mets	mets	met	mettons	mettez	mettent	avoir
croire	crois	crois	croit	croyons	croyez	croient	avoir
répondre	réponds	réponds	répond	répondons	répondez	répondent	avoir
entendre	entends	entends	entend	entendons	entendez	entendent	avoir
connaître	connais	connais	connaît	connaissons	connaissez	connaissent	avoir
devenir	deviens	deviens	devient	devenons	devenez	deviennent	être
tenir	tiens	tiens	tient	tenons	tenez	tiennent	avoir
comprendre	comprends	comprends	comprend	comprenons	comprenez	comprennent	avoir
rendre	rends	rends	rend	rendons	rendez	rendent	avoir
attendre	attends	attends	attend	attendons	attendez	attendent	avoir
sortir	sors	sors	sort	sortons	sortez	sortent	être
vivre	vis	vis	vit	vivons	vivez	vivent	avoir
revenir	reviens	reviens	revient	revenons	revenez	reviennent	être
appeler	appelle	appelles	appelle	appelons	appelez	appellent	avoir
mourir	meurs	meurs	meurt	mourons	mourez	meurent	être
partir	pars	pars	part	partons	partez	partent	être
suivre	suis	suis	suit	suivons	suivez	suivent	avoir
écrire	écris	écris	écrit	écrivons	écrivez	écrivent	avoir
ouvrir	ouvre	ouvres	ouvre	ouvrons	ouvrez	ouvrent	avoir
perdre	perds	perds	perd	perdons	perdez	perdent	avoir
paraître	parais	parais	paraît	paraissons	paraissez	paraissent	avoir
permettre	permets	permets	permet	permettons	permettez	permettent	avoir
recevoir	reçois	reçois	reçoit	recevons	recevez	reçoivent	avoir
rire	ris	ris	rit	rions	riez	rient	avoir
courir	cours	cours	court	courons	courez	courent	avoir
descendre	descends	descends	descend	descendons	descendez	descendent	être
offrir	offre	offres	offre	offrons	offrez	offrent	avoir
apprendre	apprends	apprends	apprend	apprenons	apprenez	apprennent	avoir
envoyer	envoie	envoies	envoie	envoyons	envoyez	envoient	avoir
dormir	dors	dors	dort	dormons	dormez	dorment	avoir
lire	lis	lis	lit	lisons	lisez	lisent	avoir
obtenir	obtiens	obtiens	obtient	obtenons	obtenez	obtiennent	avoir
boire	bois	bois	boit	buvons	buvez	boivent	avoir
conduire	conduis	conduis	conduit	conduisons	conduisez	conduisent	avoir
battre	bats	bats	bat	battons	battez	battent	avoir
souffrir	souffre	souffres	souffre	souffrons	souffrez	souffrent	avoir
naître	nais	nais	naît	naissons	naissez	naissent	être
plaire	plais	plais	plaît	plaisons	plaisez	plaisent	avoir
produire	produis	produis	produit	produisons	produisez	produisent	avoir
vendre	vends	vends	vend	vendons	vendez	vendent	avoir
craindre	crains	crains	craint	craignons	craignez	craignent	avoir
découvrir	découvre	découvres	découvre	découvrons	découvrez	découvrent	avoir
promettre	promets	promets	promet	promettons	promettez	promettent	avoir
fuir	fuis	fuis	fuit	fuyons	fuyez	fuient	avoir
valoir	vaux	vaux	vaut	valons	valez	valent	avoir
construire	construis	construis	construit	construisons	construisez	construisent	avoir
joindre	joins	joins	joint	joignons	joignez	joignent	avoir
peindre	peins	peins	peint	peignons	peignez	peignent	avoir
