french	meaning_en	ipa
de	of; from	/də/
et	and	/e/
être	to be	/ɛtʁ/
avoir	to have	/avwaʁ/
ne	not (negation particle)	/nə/
son	his/her/its (masculine singular)	/sɔ̃/
se	oneself; himself/herself	/sə/
en	in; of it/them; some	/ɑ̃/
ce	this; that	/sə/
du	of the; some	/dy/
au	to the; at the	/o/
pas	not; step	/pa/
par	by; through; per	/paʁ/
faire	to do; to make	/fɛʁ/
plus	more; no longer	/ply/, /plys/
dire	to say; to tell	/diʁ/
me	me; to me	/mə/
on	one; we; people	/ɔ̃/
lui	him; to him/her	/lɥi/
comme	like; as	/kɔm/
mais	but	/mɛ/
pouvoir	can; to be able to	/puvwaʁ/
tout	all; every; whole	/tu/, /tut/
y	there; to it	/i/
aller	to go	/ale/
voir	to see	/vwaʁ/
bien	well; good	/bjɛ̃/
ou	or	/u/
leur	their; to them	/lœʁ/
si	if; so; yes (after negative question)	/si/
deux	two	/dø/
moi	me; I	/mwa/
vouloir	to want	/vulwaʁ/
te	you; to you (informal)	/tə/
venir	to come	/vəniʁ/
celui	the one; that one	/səlɥi/
notre	our	/nɔtʁ/
prendre	to take	/pʁɑ̃dʁ/
même	same; even	/mɛm/
votre	your (formal/plural)	/vɔtʁ/
rien	nothing; anything	/ʁjɛ̃/
aussi	also; as well	/osi/
quelque	some; a few	/kɛlkə/, /kɛlk/
dont	whose; of which; including	/dɔ̃/
mer	sea	/mɛʁ/
trouver	to find; to think/consider	/tʁuve/
donner	to give	/dɔne/
ça	that; it	/sa/
peu	little; few	/pø/
falloir	to be necessary; must	/falwaʁ/
alors	then; so	/alɔʁ/
chose	thing	/ʃoz/
ton	your (informal singular)	/tɔ̃/
mettre	to put; to place	/mɛtʁ/
vie	life	/vi/
savoir	to know (a fact/how to)	/savwaʁ/
yeux	eyes	/jø/
passer	to pass; to spend (time)	/pase/
autre	other; another	/otʁ/
puis	then; next	/pɥi/
cela	that	/səla/
croire	to believe; to think	/kʁwaʁ/
cent	one hundred	/sɑ̃/
monde	world; people	/mɔ̃d/
entre	between; among	/ɑ̃tʁ/
donc	therefore; so	/dɔ̃k/
fois	time; occurrence	/fwa/
seul	alone; only; sole	/sœl/
vers	toward; around (time)	/vɛʁ/
demander	to ask; to request	/dəmɑ̃de/
jeune	young	/ʒœn/
jusque	until; up to	/ʒysk/
très	very	/tʁɛ/
moment	moment; time	/mɔmɑ̃/
rester	to stay; to remain	/ʁɛste/
répondre	to answer; to reply	/ʁepɔ̃dʁ/
entendre	to hear; to understand/mean	/ɑ̃tɑ̃dʁ/
mille	one thousand	/mil/
premier	first	/pʁəmje/
car	because; for	/kaʁ/
ni	neither; nor	/ni/
trois	three	/tʁwa/
cœur	heart	/kœʁ/
ainsi	thus; like this	/ɛ̃si/
an	year	/ɑ̃/
quatre	four	/katʁ/
terre	earth; land; ground	/tɛʁ/
dieu	God; god	/djø/
monsieur	sir; Mr.	/məsjø/
voix	voice	/vwa/
penser	to think	/pɑ̃se/
quel	which; what	/kɛl/
arriver	to arrive; to happen	/aʁive/
devant	in front of; before	/dəvɑ̃/
coup	blow; hit; sudden action	/ku/
connaître	to know; to be familiar with	/kɔnɛtʁ/
devenir	to become	/dəvniʁ/
air	air; appearance	/ɛʁ/
mot	word	/mo/
sentir	to feel; to smell	/sɑ̃tiʁ/
sembler	to seem	/sɑ̃ble/
moins	less; minus	/mwɛ̃/
tenir	to hold; to keep	/təniʁ/
comprendre	to understand	/kɔ̃pʁɑ̃dʁ/
rendre	to return/give back; to make	/ʁɑ̃dʁ/
toi	you (stressed informal)	/twa/
vingt	twenty	/vɛ̃/
attendre	to wait; to expect	/atɑ̃dʁ/
sortir	to go out; to take out	/sɔʁtiʁ/
trop	too much; too	/tʁo/
lequel	which one	/ləkɛl/
chaque	each; every	/ʃak/
amour	love	/amuʁ/
tant	so much; so many	/tɑ̃/
gens	people	/ʒɑ̃/, /ʒɛ̃s/
nom	name	/nɔ̃/
vivre	to live	/vivʁ/
entrer	to enter; to come in	/ɑ̃tʁe/
reprendre	to take back; to resume	/ʁəpʁɑ̃dʁ/
porter	to carry; to wear	/pɔʁte/, /pɔʁtɛʁ/
pays	country	/pei/
ciel	sky; heaven	/sjɛl/
regard	look; gaze	/ʁəgaʁ/
chercher	to look for; to search	/ʃɛʁʃe/
âme	soul	/am/
côté	side	/kote/
mort	death	/mɔʁ/
enfin	finally; at last	/ɑ̃fɛ̃/
revenir	to come back; to return	/ʁəvniʁ/
esprit	mind; spirit	/ɛspʁi/
maintenant	now	/mɛ̃tnɑ̃/
appeler	to call; to name	/aple/
chambre	room; bedroom	/ʃɑ̃bʁ/
mourir	to die	/muʁiʁ/
partir	to leave; to depart	/paʁtiʁ/
cinq	five	/sɛ̃k/
soleil	sun	/sɔlɛj/
dernier	last; latest	/dɛʁnje/
jeter	to throw; to discard	/ʒəte/
dix	ten	/dis/, /diz/, /di/
roi	king	/ʁwa/
état	state; condition	/eta/
corps	body	/kɔʁ/
beaucoup	a lot; much/many	/boku/
suivre	to follow	/sɥivʁ/
écrire	to write	/ekʁiʁ/
montrer	to show	/mɔ̃tʁe/
tomber	to fall	/tɔ̃be/
place	place; seat; square	/plas/
ouvrir	to open	/uvʁiʁ/
ah	ah; oh	/a/
parti	party; side; decision	/paʁti/
assez	enough; quite	/ase/
voilà	there is/are; here is/are	/vwala/
loin	far	/lwɛ̃/
point	point; not at all	/pwɛ̃/
visage	face	/vizaʒ/
bruit	noise	/bʁɥi/
lettre	letter	/lɛtʁ/
fond	bottom; background; depth	/fɔ̃/
force	strength; force	/fɔʁs/
effet	effect	/efɛ/
arrêter	to stop; to arrest	/aʁete/
perdre	to lose	/pɛʁdʁ/
commencer	to begin; to start	/kɔmɑ̃se/
paraître	to appear; to seem	/paʁɛtʁ/
aucun	no; none; any	/okœ̃/
marcher	to walk; to work/function	/maʁʃe/
milieu	middle; environment	/miljø/
presque	almost	/pʁɛsk/
ailleurs	elsewhere	/ajœʁ/
lumière	light	/lymjɛʁ/
seulement	only	/sœlmɑ̃/
neuf	nine; new	/nœf/, /nœv/
tel	such; such a	/tɛl/
lever	to raise; to lift	/ləve/
gouvernement	government	/guvɛʁnəmɑ̃/
permettre	to allow; to permit	/pɛʁmɛtʁ/
pauvre	poor	/povʁ/
asseoir	to sit; to seat	/aswaʁ/
plein	full	/plɛ̃/
personne	person; nobody	/pɛʁsɔn/
vrai	true; real	/vʁɛ/
peuple	people; nation	/pœpl/
parole	speech; word; promise	/paʁɔl/
guerre	war	/gɛʁ/
toute	all; every (feminine)	/tut/
pensée	thought	/pɑ̃se/
affaire	matter; business; affair	/afɛʁ/
pierre	stone; rock	/pjɛʁ/
monter	to go up; to climb	/mɔ̃te/
bas	low; bottom	/ba/, /baz/, /bas/
vent	wind	/vɑ̃/
front	forehead; front	/fʁɔ̃/
ombre	shadow; shade	/ɔ̃bʁ/
part	part; share	/paʁ/
maître	master; teacher	/mɛtʁ/
besoin	need	/bəzwɛ̃/
apercevoir	to notice; to catch sight of	/apɛʁsəvwaʁ/
recevoir	to receive	/ʁəsəvwaʁ/
mieux	better	/mjø/
peine	pain; difficulty; penalty	/pɛn/
tour	turn; tower; tour	/tuʁ/
servir	to serve; to be useful	/sɛʁviʁ/
oh	oh	/o/
autour	around	/otuʁ/
près	near; close	/pʁɛ/
finir	to finish; to end	/finiʁ/
rire	to laugh	/ʁiʁ/
dessus	on top; above	/dəsy/
madame	madam; Mrs.	/madam/
sorte	kind; sort	/sɔʁt/
figure	figure; face	/figyʁ/
eh	eh; hey	/e/
peur	fear	/pœʁ/
bout	end; tip; piece	/bu/
lieu	place	/ljø/
silence	silence	/silɑ̃s/
gros	big; large; fat	/gʁo/
chef	chief; boss; leader	/ʃɛf/
six	six	/sis/, /siz/, /si/
bois	wood; woods	/bwa/
crier	to shout; to cry out	/kʁije/
feu	fire	/fø/
tourner	to turn; to rotate	/tuʁne/
doux	soft; gentle; sweet	/du/
longtemps	for a long time	/lɔ̃tɑ̃/
fort	strongly; loudly; very	/fɔʁ/
garder	to keep; to guard	/gaʁde/
partie	part; game; party	/paʁti/
face	face; front	/fas/
mouvement	movement	/muvmɑ̃/
fin	end	/fɛ̃/
reconnaître	to recognize; to admit	/ʁəkɔnɛtʁ/
quitter	to leave	/kite/
route	road; route	/ʁut/
dès	from; as early as	/dɛ/
manger	to eat	/mɑ̃ʒe/
arbre	tree	/aʁbʁ/
courir	to run	/kuʁiʁ/
cas	case; situation	/ka/
huit	eight	/ʼɥit/, /ʼɥi/
lorsque	when	/lɔʁskə/
mur	wall	/myʁ/
ordre	order; command	/ɔʁdʁ/
continuer	to continue	/kɔ̃tinɥe/
est	east	/ɛst/, /ɛ/
bonheur	happiness	/bɔnœʁ/
oublier	to forget	/ublije/
descendre	to go down; to get off	/desɑ̃dʁ/
haut	high; top	/ʼo/
intérêt	interest; benefit	/ɛ̃teʁɛ/
cacher	to hide	/kaʃe/, /kaʃɛʁ/
l’un	one; one of them	
chacun	each; everyone	/ʃakœ̃/
profond	deep	/pʁɔfɔ̃/
argent	money; silver	/aʁʒɑ̃/
poser	to put; to place; to ask	/poze/
autant	as much/many; so much	/otɑ̃/
travers	across; through; fault	/tʁavɛʁ/
instant	instant; moment	/ɛ̃stɑ̃/
façon	way; manner	/fasɔ̃/
d’abord	first; first of all	/dabɔʁ/
œil	eye	/œj/
tirer	to pull; to shoot	/tiʁe/
forme	form; shape	/fɔʁm/
présenter	to present; to introduce	/pʁezɑ̃te/
ajouter	to add	/aʒute/
agir	to act	/aʒiʁ/
retrouver	to find again; to meet	/ʁətʁuve/
chemin	path; way	/ʃmɛ̃/, /ʃəmɛ̃/
cheveu	hair	/ʃvø/, /ʃəvø/
offrir	to offer; to give as a gift	/ɔfʁiʁ/
surtout	especially; above all	/syʁtu/
certain	certain; some	/sɛʁtɛ̃/
plaisir	pleasure	/pleziʁ/
suite	continuation; next; result	/sɥit/
apprendre	to learn; to teach/inform	/apʁɑ̃dʁ/
malgré	despite	/malgʁe/
tuer	to kill	/tɥe/
sang	blood	/sɑ̃/
retourner	to return; to turn over	/ʁətuʁne/
rencontrer	to meet; to encounter	/ʁɑ̃kɔ̃tʁe/
sentiment	feeling	/sɑ̃timɑ̃/
fleur	flower	/flœʁ/
service	service; favor	/sɛʁvis/
envoyer	to send	/ɑ̃vwaje/
plusieurs	several	/plyzjœʁ/
vite	quickly; fast	/vit/
paix	peace	/pɛ/
moyen	means; way; average	/mwajɛ̃/
dormir	to sleep	/dɔʁmiʁ/
pousser	to push; to grow	/puse/
lit	bed	/li/
humain	human	/ymɛ̃/
rappeler	to remind; to call back	/ʁaple/
lire	to read	/liʁ/
général	general	/ʒeneʁal/
nature	nature	/natyʁ/
or	gold; yet/however	/ɔʁ/
français	French	/fʁɑ̃sɛ/
joie	joy	/ʒwa/
sept	seven	/sɛt/
tard	late	/taʁ/
président	president	/pʁezidɑ̃/, /pʁezid/
pourtant	however; yet	/puʁtɑ̃/
bouche	mouth	/buʃ/
changer	to change	/ʃɑ̃ʒe/
essayer	to try	/eseje/
froid	cold	/fʁwa/
compter	to count; to intend/rely on	/kɔ̃te/
occuper	to occupy; to keep busy	/ɔkype/
sens	meaning; sense; direction	/sɑ̃s/, /sɑ̃/
cri	cry; shout	/kʁi/
espèce	species; kind	/ɛspɛs/
expliquer	to explain	/ɛksplike/
cheval	horse	/ʃval/, /ʃəval/
loi	law	/lwa/
sombre	dark; gloomy	/sɔ̃bʁ/
ci	here; this (in compounds)	/si/
sûr	sure; certain; safe	/syʁ/
voici	here is/are	/vwasi/
ancien	old; former; ancient	/ɑ̃sjɛ̃/
tandis que	while; whereas	/tɑ̃dikə/, /tɑ̃diskə/
frapper	to hit; to knock	/fʁape/
ministre	minister	/ministʁ/
puisque	since; because	/pɥiskə/
selon	according to	/səlɔ̃/
propre	clean; own	/pʁɔpʁ/
obtenir	to obtain; to get	/ɔptəniʁ/
rentrer	to return; to go/come back in	/ʁɑ̃tʁe/
mal	badly; pain/evil	/mal/
pleurer	to cry; to weep	/plœʁe/
répéter	to repeat	/ʁepete/
société	society; company	/sɔsjete/
oreille	ear	/ɔʁɛj/
payer	to pay	/pɛje/, /peje/
apporter	to bring	/apɔʁte/
derrière	behind	/dɛʁjɛʁ/
salut	hi; bye	/saly/
compte	account; count	/kɔ̃t/
champ	field	/ʃɑ̃/
vraiment	really; truly	/vʁɛmɑ̃/
immense	immense; huge	/imɑ̃s/
exister	to exist	/ɛgziste/
action	action	/aksjɔ̃/
boire	to drink	/bwaʁ/
public	public	/pyblik/
garçon	boy; waiter	/gaʁsɔ̃/
pareil	same; similar; such	/paʁɛj/
sourire	to smile	/suʁiʁ/
couleur	color	/kulœʁ/
coucher	to put to bed; to lie down	/kuʃe/
papier	paper	/papje/
d’autres	other; others	
causer	to cause; to talk	/koze/
pièce	piece; room; coin	/pjɛs/
montagne	mountain	/mɔ̃taɲ/
sol	ground; floor; soil	/sɔl/
œuvre	work; work of art	/œvʁ/
partout	everywhere	/paʁtu/
trente	thirty	/tʁɑ̃t/
cours	course; class; flow	/kuʁ/
raconter	to tell; to recount	/ʁakɔ̃te/
serrer	to tighten; to squeeze; to hold	/sɛʁe/
songer	to think; to dream	/sɔ̃ʒe/
désir	desire; wish	/deziʁ/
manquer	to miss; to lack	/mɑ̃ke/
cour	yard; court	/kuʁ/
nommer	to name; to appoint	/nɔme/
bord	edge; side	/bɔʁ/
conduire	to drive; to lead	/kɔ̃dɥiʁ/
salle	room; hall	/sal/
saisir	to seize; to grasp/understand	/seziʁ/
entier	whole; entire	/ɑ̃tje/
demeurer	to remain; to live/reside	/dəmœʁe/
simple	simple	/sɛ̃pl/
étude	study	/etyd/
remettre	to put back; to hand over; to postpone	/ʁəmɛtʁ/
geste	gesture; movement	/ʒɛst/
disparaître	to disappear	/dispaʁɛtʁ/
battre	to beat; to hit	/batʁ/
toucher	to touch; to affect	/tuʃe/
situation	situation	/sitɥasjɔ̃/
oiseau	bird	/wazo/
nécessaire	necessary	/nesesɛʁ/
siècle	century	/sjɛkl/
apparaître	to appear	/apaʁɛtʁ/
souffrir	to suffer	/sufʁiʁ/
million	million	/miljɔ̃/
groupe	group	/gʁup/
centre	center	/sɑ̃tʁ/
maman	mom; mum	/mamɑ̃/
fermer	to close	/fɛʁme/
accepter	to accept	/aksɛpte/
garde	guard; watch	/gaʁd/
tendre	to stretch; to hold out; tender	/tɑ̃dʁ/
naître	to be born	/nɛtʁ/
sauver	to save; to rescue	/sove/
parmi	among	/paʁmi/
avancer	to move forward; to advance	/avɑ̃se/
chien	dog	/ʃjɛ̃/
peau	skin	/po/
reste	rest; remainder	/ʁɛst/
traverser	to cross	/tʁavɛʁse/
nombre	number; quantity	/nɔ̃bʁ/
debout	standing; up	/dəbu/
social	social	/sɔsjal/
vue	view; sight	/vy/
couvrir	to cover	/kuvʁiʁ/
âge	age	/aʒ/
gagner	to win; to earn	/gaɲe/
système	system	/sistɛm/
former	to form; to train	/fɔʁme/
plaire	to please; to be liked	/plɛʁ/
effort	effort	/efɔʁ/
embrasser	to kiss; to embrace	/ɑ̃bʁase/
rêve	dream	/ʁɛv/
oser	to dare	/oze/
afin de	in order to	
passion	passion	/pasjɔ̃/
auquel	to which; to whom	/okɛl/
empêcher	to prevent; to stop	/ɑ̃pɛʃe/
rapport	report; relationship; connection	/ʁapɔʁ/
refuser	to refuse	/ʁəfyze/
décider	to decide	/deside/
produire	to produce	/pʁɔdɥiʁ/
soldat	soldier	/sɔlda/
lèvre	lip	/lɛvʁ/
signe	sign	/siɲ/
vérité	truth	/veʁite/
charger	to load; to charge; to assign	/ʃaʁʒe/
mariage	marriage; wedding	/maʁjaʒ/
mêler	to mix; to involve	/mele/
espérer	to hope	/ɛspeʁe/
cesser	to stop; to cease	/sɛse/, /sese/
ressembler	to resemble; to look like	/ʁəsɑ̃ble/
dos	back	/do/
marche	walk; step; operation	/maʁʃ/
plutôt	rather; instead	/plyto/
conseil	advice; council	/kɔ̃sɛj/
téléphone	phone; telephone	/telefɔn/
coin	corner	/kwɛ̃/
jardin	garden	/ʒaʁdɛ̃/
joli	pretty; nice	/ʒɔli/
soit	either; be it; namely	/swa/
doigt	finger	/dwa/
objet	object; item; purpose	/ɔbʒɛ/
fer	iron	/fɛʁ/
lendemain	next day	/lɑ̃dmɛ̃/
lentement	slowly	/lɑ̃tmɑ̃/
approcher	to approach; to bring closer	/apʁɔʃe/
prier	to pray; to ask politely	/pʁije/
papa	dad	/papa/
différent	different	/difeʁɑ̃/
valeur	value; worth	/valœʁ/
jeu	game; play	/ʒø/
échapper	to escape	/eʃape/
glisser	to slide; to slip	/glise/
secret	secret	/səkʁɛ/
ordinateur	computer	/ɔʁdinatœʁ/
briller	to shine	/bʁije/
docteur	doctor	/dɔktœʁ/
brûler	to burn	/bʁyle/
terrible	terrible; awful	/tɛʁibl/
placer	to place; to put	/plase/
jambe	leg	/ʒɑ̃b/
juger	to judge	/ʒyʒe/
suffire	to be enough; to suffice	/syfiʁ/
endroit	place; spot	/ɑ̃dʁwa/
atteindre	to reach; to achieve	/atɛ̃dʁ/
nuage	cloud	/nɥaʒ/
présence	presence	/pʁezɑ̃s/
fou	crazy; mad	/fu/
épaule	shoulder	/epol/
léger	light; slight	/leʒe/
feuille	leaf; sheet	/fœj/
liberté	freedom; liberty	/libɛʁte/
journée	day; daytime	/ʒuʁne/
libre	free; available	/libʁ/
annoncer	to announce	/anɔ̃se/
résultat	result	/ʁezylta/
élever	to raise; to bring up	/elve/
acheter	to buy	/aʃte/
mener	to lead; to take	/məne/
préparer	to prepare	/pʁepaʁe/
hôtel	hotel	/otɛl/
forêt	forest	/fɔʁɛ/
assurer	to assure; to ensure	/asyʁe/
pur	pure	/pyʁ/
qualité	quality	/kalite/
internet	internet	
également	also; equally	/egalmɑ̃/
deviner	to guess	/dəvine/
considérer	to consider	/kɔ̃sideʁe/
toilettes	toilet; restroom	/twalɛt/
art	art	/aʁ/
moindre	lesser; slightest	/mwɛ̃dʁ/
quarante	forty	/kaʁɑ̃t/
cinquante	fifty	/sɛ̃kɑ̃t/
foule	crowd	/ful/
appartenir	to belong	/apaʁtəniʁ/
aussitôt	immediately; at once	/osito/
ligne	line	/liɲ/
représenter	to represent	/ʁəpʁezɑ̃te/
tromper	to deceive; to make a mistake	/tʁɔ̃pe/
intérieur	interior; inside	/ɛ̃teʁjœʁ/
vendre	to sell	/vɑ̃dʁ/
beauté	beauty	/bote/
riche	rich	/ʁiʃ/
craindre	to fear	/kʁɛ̃dʁ/
étrange	strange; odd	/etʁɑ̃ʒ/
emporter	to take away; to carry off	/ɑ̃pɔʁte/
soin	care	/swɛ̃/
naturel	natural	/natyʁɛl/
quinze	fifteen	/kɛ̃z/
classe	class	/klas/
expression	expression	/ɛkspʁɛsjɔ̃/
auprès	near; with/by	/opʁɛ/
présent	present; gift	/pʁezɑ̃/
caractère	character; personality	/kaʁaktɛʁ/
ensemble	together; whole/set	/ɑ̃sɑ̃bl/
attention	attention; care	/atɑ̃sjɔ̃/
gris	gray	/gʁi/
exprimer	to express	/ɛkspʁime/
rouler	to roll; to drive	/ʁule/
faible	weak; low	/fɛbl/
posséder	to own; to possess	/pɔsede/
scène	scene; stage	/sɛn/
réveiller	to wake up	/ʁevɛje/
aider	to help	/ɛde/, /ede/
découvrir	to discover; to uncover	/dekuvʁiʁ/
odeur	smell; odor	/ɔdœʁ/
choisir	to choose	/ʃwaziʁ/
musique	music	/myzik/
oncle	uncle	/ɔ̃kl/
prononcer	to pronounce; to state	/pʁɔnɔ̃se/
village	village	/vilaʒ/
taire	to keep quiet; to silence	/tɛʁ/
envie	desire; urge	/ɑ̃vi/
midi	noon	/midi/
herbe	grass; herb	/ɛʁb/
pluie	rain	/plɥi/
rêver	to dream	/ʁɛve/
appuyer	to press; to support	/apɥije/
étendre	to extend; to spread	/etɑ̃dʁ/
lutte	struggle; fight	/lyt/
trembler	to tremble; to shake	/tʁɑ̃ble/
grâce	grace; thanks to	/gʁas/
espace	space	/ɛspas/
habitude	habit	/abityd/
défendre	to defend; to forbid	/defɑ̃dʁ/
existence	existence	/ɛgzistɑ̃s/
mémoire	memory	/memwaʁ/
créer	to create	/kʁee/
grave	serious; severe	/gʁav/
maintenir	to maintain; to keep	/mɛ̃tniʁ/
verre	glass	/vɛʁ/
campagne	countryside; campaign	/kɑ̃paɲ/
quelqu’un	someone; somebody	/kɛlkœ̃/
juge	judge	/ʒyʒ/
genou	knee	/ʒənu/
impossible	impossible	/ɛ̃pɔsibl/
fête	party; celebration; holiday	/fɛt/
indiquer	to indicate; to point out	/ɛ̃dike/
prêt	ready	/pʁɛ/
promettre	to promise	/pʁɔmɛtʁ/
relever	to raise; to note; to take over	/ʁəlve/
abandonner	to abandon; to give up	/abɑ̃dɔne/
ignorer	to not know; to ignore	/iɲɔʁe/
large	wide; broad	/laʁʒ/
colère	anger	/kɔlɛʁ/
étoile	star	/etwal/
conscience	conscience; awareness	/kɔ̃sjɑ̃s/
accompagner	to accompany	/akɔ̃paɲe/
immobile	motionless	/imɔbil/
adresser	to address; to send	/adʁɛse/
observer	to observe	/ɔpsɛʁve/
juste	fair; right; just	/ʒyst/
nourriture	food	/nuʁityʁ/
séparer	to separate	/sepaʁe/
marier	to marry; to wed	/maʁje/
prévoir	to foresee; to plan	/pʁevwaʁ/
vivant	alive; living	/vivɑ̃/
hiver	winter	/ivɛʁ/
retour	return	/ʁətuʁ/
genre	kind; type; gender	/ʒɑ̃ʁ/
vif	lively; bright; sharp	/vif/
amener	to bring; to take someone	/amne/
obliger	to oblige; to force	/ɔbliʒe/
acte	act; deed	/akt/
image	image; picture	/imaʒ/
éclairer	to light; to illuminate; to explain	/eklɛʁe/
poursuivre	to pursue; to continue	/puʁsɥivʁ/
danger	danger	/dɑ̃ʒe/
livrer	to deliver; to hand over	/livʁe/
rôle	role	/ʁol/
escalier	stairs; staircase	/ɛskalje/
goût	taste; liking	/gu/
bête	animal; stupid/foolish	/bɛt/
ceci	this	/səsi/
recherche	research; search	/ʁəʃɛʁʃ/
membre	member; limb	/mɑ̃bʁ/
phrase	sentence; phrase	/fʁaz/
contenir	to contain	/kɔ̃tniʁ/
fuir	to flee; to run away	/fɥiʁ/
couler	to flow; to sink	/kule/
terme	term; word; end	/tɛʁm/
police	police	/pɔlis/
fruit	fruit	/fʁɥi/
proposer	to propose; to suggest	/pʁɔpoze/
tranquille	calm; quiet	/tʁɑ̃kil/
unique	unique; only	/ynik/
éprouver	to feel; to experience; to test	/epʁuve/
retenir	to hold back; to remember; to reserve	/ʁətəniʁ/
type	type; guy	/tip/
vin	wine	/vɛ̃/
supérieur	higher; superior	/sypeʁjœʁ/
attacher	to attach; to tie	/ataʃe/
voler	to fly; to steal	/vɔle/
sec	dry	/sɛk/
entraîner	to train; to lead to/cause	/ɑ̃tʁɛne/
justice	justice	/ʒystis/
époque	era; period	/epɔk/
passage	passage; crossing	/pasaʒ/
somme	sum; amount	/sɔm/
science	science	/sjɑ̃s/
surprendre	to surprise; to catch	/syʁpʁɑ̃dʁ/
côte	coast; rib; slope	/kot/
doucement	gently; slowly	/dusmɑ̃/
gauche	left	/goʃ/
faute	fault; mistake	/fot/
rayon	ray; radius; department/aisle	/ʁɛjɔ̃/
briser	to break; to shatter	/bʁize/
sujet	subject; topic	/syʒɛ/
imaginer	to imagine	/imaʒine/
diriger	to direct; to manage	/diʁiʒe/
douze	twelve	/duz/
l’une	one (feminine); one of them	
parvenir	to reach; to manage/succeed	/paʁvəniʁ/
ouvert	open	/uvɛʁ/
pénétrer	to enter; to penetrate	/penetʁe/
meilleur	better; best	/mɛjœʁ/
remarquer	to notice; to remark	/ʁəmaʁke/
cuisine	kitchen; cooking	/kɥizin/
éviter	to avoid	/evite/
succès	success	/syksɛ/
île	island	/il/
établir	to establish; to set up	/etabliʁ/
réussir	to succeed	/ʁeysiʁ/
pencher	to lean; to tilt	/pɑ̃ʃe/
entourer	to surround	/ɑ̃tuʁe/
déclarer	to declare	/deklaʁe/
détail	detail	/detaj/
arme	weapon	/aʁm/
réalité	reality	/ʁealite/
confiance	trust; confidence	/kɔ̃fjɑ̃s/
masse	mass; large amount	/mas/
crise	crisis	/kʁiz/
étonner	to surprise; to amaze	/etɔne/
dresser	to set up; to raise; to train	/dʁese/
durer	to last	/dyʁe/
faux	false; fake	/fo/
fixer	to fix; to set; to stare at	/fikse/
énorme	enormous; huge	/enɔʁm/
principe	principle	/pʁɛ̃sip/
direction	direction; management	/diʁɛksjɔ̃/
bonjour	hello	/bɔ̃ʒuʁ/
merci	thank you	/mɛʁsi/
oui	yes	/wi/
non	no	/nɔ̃/
au revoir	goodbye	
s’il vous plaît	please	
ami	friend	/ami/
amie	friend	/ami/
homme	man	/ɔm/
femme	woman	/fam/
enfant	child	/ɑ̃fɑ̃/
livre	book	/livʁ/
maison	house	/mɛzɔ̃/
table	table	/tabl/
école	school	/ekɔl/
ville	city	/vil/
jour	day	/ʒuʁ/
nuit	night	/nɥi/
matin	morning	/matɛ̃/
soir	evening	/swaʁ/
semaine	week	/smɛn/, /səmɛn/
année	year	/ane/
temps	time/weather	/tɑ̃/
heure	hour	/œʁ/
eau	water	/o/
pain	bread	/pɛ̃/
café	coffee/café	/kafe/
thé	tea	/te/
repas	meal	/ʁəpa/
restaurant	restaurant	/ʁɛstɔʁɑ̃/
gare	station	/gaʁ/
train	train	/tʁɛ̃/
billet	ticket	/bijɛ/
rue	street	/ʁy/
travail	work	/tʁavaj/
emploi	job	/ɑ̃plwa/
famille	family	/famij/
mère	mother	/mɛʁ/
père	father	/pɛʁ/
frère	brother	/fʁɛʁ/
sœur	sister	/sœʁ/
voiture	car	/vwatyʁ/
vélo	bicycle	/velo/
problème	problem	/pʁɔblɛm/
solution	solution	/sɔlysjɔ̃/
question	question	/kɛstjɔ̃/
réponse	answer	/ʁepɔ̃s/
idée	idea	/ide/
avis	opinion	/avi/
fait	fact	/fɛ/
preuve	evidence	/pʁœv/
source	source	/suʁs/
donnée	data point	/dɔne/
argument	argument	/aʁgymɑ̃/
accord	agreement	/akɔʁ/
désaccord	disagreement	/dezakɔʁ/
grand	big/tall	/gʁɑ̃/
petit	small	/pəti/, /pti/
bon	good	/bɔ̃/
mauvais	bad	/movɛ/
beau	beautiful	/bo/
nouveau	new	/nuvo/
important	important	/ɛ̃pɔʁtɑ̃/
possible	possible	/pɔsibl/
difficile	difficult	/difisil/
facile	easy	/fasil/
heureux	happy	/œʁø/
triste	sad	/tʁist/
ici	here	/isi/
là	there	/la/
toujours	always	/tuʒuʁ/
souvent	often	/suvɑ̃/
parfois	sometimes	/paʁfwa/
jamais	never	/ʒamɛ/
aujourd’hui	today	/oʒuʁdɥi/
demain	tomorrow	/dəmɛ̃/
hier	yesterday	/ijɛʁ/
avec	with	/avɛk/
sans	without	/sɑ̃/
dans	in	/dɑ̃/
sur	on	/syʁ/
sous	under	/su/
chez	at someone’s place	/ʃe/
pour	for	/puʁ/
contre	against	/kɔ̃tʁ/
avant	before	/avɑ̃/
après	after	/apʁɛ/
parce que	because	/paʁskə/
cependant	however	/səpɑ̃dɑ̃/
néanmoins	nevertheless	/neɑ̃mwɛ̃/
en revanche	on the other hand	
je	I	/ʒə/
tu	you (familiar singular)	/ty/
il	he	/il/
elle	she	/ɛl/
nous	we	/nu/
vous	you (formal or plural)	/vu/
ils	they (masculine or mixed)	/il/
elles	they (feminine)	/ɛl/
un	a/an masculine	/œ̃/, /yn/
une	a/an feminine	/yn/
le	the masculine	/lə/
la	the feminine	/la/
les	the plural	/le/
l’	the before vowel	/l/
stylo	pen	/stilo/
chaise	chair	/ʃɛz/
fenêtre	window	/fnɛtʁ/, /fənɛtʁ/
porte	door	/pɔʁt/
appartement	apartment	/apaʁtəmɑ̃/
bureau	desk or office	/byʁo/
parler	speak	/paʁle/
aimer	like or love	/ɛme/, /eme/
habiter	live	/abite/
regarder	watch or look at	/ʁəgaʁde/
écouter	listen to	/ekute/
travailler	work	/tʁavaje/
étudier	study	/etydje/
jouer	play	/ʒwe/
chanter	sing	/ʃɑ̃te/
danser	dance	/dɑ̃se/
qui	who	/ki/
quoi	what	/kwa/
que	what or that	/kə/
où	where	/u/
quand	when	/kɑ̃/
pourquoi	why	/puʁkwa/
comment	how	/kɔmɑ̃/
combien	how many or how much	/kɔ̃bjɛ̃/
lundi	Monday	/lœ̃di/
mardi	Tuesday	/maʁdi/
mercredi	Wednesday	/mɛʁkʁədi/
jeudi	Thursday	/ʒødi/
vendredi	Friday	/vɑ̃dʁədi/
samedi	Saturday	/samdi/
dimanche	Sunday	/dimɑ̃ʃ/
minute	minute	/minyt/
mois	month	/mwa/
rendez-vous	appointment	/ʁɑ̃devu/
grand-père	grandfather	/gʁɑ̃pɛʁ/
grand-mère	grandmother	/gʁɑ̃mɛʁ/
parent	parent	/paʁɑ̃/, /paʁ/
cousin	male cousin	/kuzɛ̃/
cousine	female cousin	/kuzin/
fils	son	/fis/
fille	daughter or girl	/fij/
mari	husband	/maʁi/
épouse	wife	/epuz/
mon	my masculine	/mɔ̃/
ma	my feminine	/ma/
mes	my plural	/me/
rouge	red	/ʁuʒ/
bleu	blue	/blø/
vert	green	/vɛʁ/
noir	black	/nwaʁ/
blanc	white	/blɑ̃/
jaune	yellow	/ʒon/
vieux	old	/vjø/
long	long	/lɔ̃/
court	short	/kuʁ/
cher	expensive	/ʃɛʁ/
pomme	apple	/pɔm/
orange	orange	/ɔʁɑ̃ʒ/
banane	banana	/banan/
fromage	cheese	/fʁɔmaʒ/
riz	rice	/ʁi/
lait	milk	/lɛ/
sucre	sugar	/sykʁ/
sel	salt	/sɛl/
poisson	fish	/pwasɔ̃/
viande	meat	/vjɑ̃d/
légume	vegetable	/legym/
pharmacie	pharmacy	/faʁmasi/
banque	bank	/bɑ̃k/
poste	post office	/pɔst/
marché	market	/maʁʃe/
magasin	shop	/magazɛ̃/
bibliothèque	library	/biblijɔtɛk/
musée	museum	/myze/
parc	park	/paʁk/
pont	bridge	/pɔ̃/
carrefour	intersection	/kaʁfuʁ/
prix	price	/pʁi/
taille	size	/taj/
caisse	checkout	/kɛs/
monnaie	change or currency	/mɔnɛ/
carte	card	/kaʁt/
espèces	cash	/ɛspɛs/
client	customer	/klijɑ̃/
cliente	customer	/klijɑ̃t/
commande	order	/kɔmɑ̃d/
santé	health	/sɑ̃te/
médecin	doctor	/medsɛ̃/
douleur	pain	/dulœʁ/
tête	head	/tɛt/
main	hand	/mɛ̃/
pied	foot	/pje/
bras	arm	/bʁa/
fièvre	fever	/fjɛvʁ/
fatigue	tiredness	/fatig/
malade	ill	/malad/
voyage	journey	/vwajaʒ/
valise	suitcase	/valiz/
aéroport	airport	/aeʁɔpɔʁ/
avion	plane	/avjɔ̃/
bus	bus	/bys/
métro	metro	/metʁo/
retard	delay	/ʁətaʁ/
départ	departure	/depaʁ/
arrivée	arrival	/aʁive/
quai	platform	/kɛ/
passé	past	/pase/
souvenir	memory	/suvniʁ/
histoire	story or history	/istwaʁ/
vacances	holidays	/vakɑ̃s/
photo	photo	/fɔto/
découverte	discovery	/dekuvɛʁt/
rencontre	meeting	/ʁɑ̃kɔ̃tʁ/
événement	event	/evɛnmɑ̃/
depuis	since or for (continuing)	/dəpɥi/
pendant	during or for (bounded)	/pɑ̃dɑ̃/
autrefois	formerly	/otʁəfwa/
déjà	already	/deʒa/
encore	still or again	/ɑ̃kɔʁ/
ensuite	then	/ɑ̃sɥit/
soudain	suddenly	/sudɛ̃/
bientôt	soon	/bjɛ̃to/
projet	project	/pʁɔʒɛ/
objectif	goal	/ɔbʒɛktif/
prévision	forecast	/pʁevizjɔ̃/
plan	plan	/plɑ̃/
avenir	future	/avniʁ/
possibilité	possibility	/pɔsibilite/
intention	intention	/ɛ̃tɑ̃sjɔ̃/
étape	step	/etap/
formation	training	/fɔʁmasjɔ̃/
entreprise	company	/ɑ̃tʁəpʁiz/
collègue	colleague	/kɔlɛg/
réunion	meeting	/ʁeynjɔ̃/
dossier	file	/dosje/
délai	deadline	/delɛ/
tâche	task	/taʃ/
responsable	manager	/ʁɛspɔ̃sabl/
équipe	team	/ekip/
quartier	neighborhood	/kaʁtje/
logement	housing	/lɔʒmɑ̃/
loyer	rent	/lwaje/
voisin	neighbor	/vwazɛ̃/
voisine	neighbor	/vwazin/
immeuble	building	/imœbl/
ascenseur	elevator	/asɑ̃sœʁ/
étage	floor	/etaʒ/
émission	program	/emisjɔ̃/
article	article	/aʁtikl/
journal	newspaper	/ʒuʁnal/
information	information	/ɛ̃fɔʁmasjɔ̃/
actualités	news	/aktɥalite/
entretien	interview	/ɑ̃tʁətjɛ̃/
reportage	report	/ʁəpɔʁtaʒ/
témoignage	testimony	/temwaɲaʒ/
avantage	advantage	/avɑ̃taʒ/
inconvénient	disadvantage	/ɛ̃kɔ̃venjɑ̃/
cause	cause	/koz/
conséquence	consequence	/kɔ̃sekɑ̃s/
exemple	example	/ɛgzɑ̃pl/
raison	reason	/ʁɛzɔ̃/
choix	choice	/ʃwa/
préférence	preference	/pʁefeʁɑ̃s/
environnement	environment	/ɑ̃viʁɔnmɑ̃/
déchet	waste item	/deʃɛ/
énergie	energy	/enɛʁʒi/
climat	climate	/klima/
ressource	resource	/ʁəsuʁs/
pollution	pollution	/pɔlysjɔ̃/
durable	sustainable	/dyʁabl/
recyclage	recycling	/ʁəsiklaʒ/
hypothèse	hypothesis	/ipɔtɛz/
condition	condition	/kɔ̃disjɔ̃/
probabilité	probability	/pʁɔbabilite/
certitude	certainty	/sɛʁtityd/
doute	doubt	/dut/
supposition	assumption	/sypozisjɔ̃/
éventuel	possible	/evɑ̃tɥɛl/
débat	debate	/deba/
enjeu	issue or stake	/ɑ̃ʒø/
thèse	thesis	/tɛz/
réfutation	rebuttal	/ʁefytasjɔ̃/
nuance	nuance	/nɥɑ̃s/
concession	concession	/kɔ̃sesjɔ̃/
contradiction	contradiction	/kɔ̃tʁadiksjɔ̃/
citoyen	citizen	/sitwajɛ̃/
citoyenne	citizen	/sitwajɛn/
institution	institution	/ɛ̃stitysjɔ̃/
politique	policy or politics	/pɔlitik/
réforme	reform	/ʁefɔʁm/
mesure	measure	/məzyʁ/
droit	right or law	/dʁwa/
devoir	duty	/dəvwaʁ/
synthèse	synthesis	/sɛ̃tɛz/
résumé	summary	/ʁezyme/
interprétation	interpretation	/ɛ̃tɛʁpʁetasjɔ̃/
perspective	perspective	/pɛʁspɛktiv/
cadre	framework	/kadʁ/
limite	limit	/limit/
portée	scope	/pɔʁte/
ironie	irony	/iʁɔni/
sous-entendu	implication	/suzɑ̃tɑ̃dy/
allusion	allusion	/alyzjɔ̃/
ambiguïté	ambiguity	/ɑ̃bigɥite/
implicite	implicit	/ɛ̃plisit/
explicite	explicit	/ɛksplisit/
registre	register	/ʁəʒistʁ/
rhétorique	rhetoric	/ʁetɔʁik/
argumentation	argumentation	/aʁgymɑ̃tasjɔ̃/
contre-argument	counterargument	
prémisse	premise	/pʁemis/
conclusion	conclusion	/kɔ̃klyzjɔ̃/
cohérence	coherence	/kɔeʁɑ̃s/
pertinence	relevance	/pɛʁtinɑ̃s/
subtilité	subtlety	/syptilite/
connotation	connotation	/kɔnɔtasjɔ̃/
équivoque	ambiguity	/ekivɔk/
paradoxe	paradox	/paʁadɔks/
litote	understatement	/litɔt/
métaphore	metaphor	/metafɔʁ/
ellipse	ellipsis	/elips/
plaidoyer	plea or advocacy	/plɛdwaje/
diplomatie	diplomacy	/diplɔmasi/
compromis	compromise	/kɔ̃pʁɔmi/
arbitrage	arbitration	/aʁbitʁaʒ/
médiation	mediation	/medjasjɔ̃/
précision	precision	/pʁesizjɔ̃/
réserve	reservation or caution	/ʁezɛʁv/
