day_number,level,unit_title,kind,title,objective,estimated_minutes,example_fr,example_en
1,A0,"Letters, spelling and vowel sounds",learn,Alphabet A–I,Name A–I and distinguish a letter name from the sound a letter makes inside a word.,30,"A /a/, B /be/, C /se/.","A, B, C letter names."
2,A0,"Letters, spelling and vowel sounds",learn,Alphabet J–Z,Name J–Z and find letters with two-word names and unfamiliar vowels.,30,"J /ʒi/, R /ɛʁ/, U /y/.","J, R, U letter names."
3,A0,"Letters, spelling and vowel sounds",learn,Oral vowels a i o,Read clear oral vowels /a i o u y/ in short words.,30,"ami /ami/, ici /isi/, mot /mo/.","friend, here, word."
4,A0,"Letters, spelling and vowel sounds",learn,Accents and e vowels,Recognize accents and separate /e/ from /ɛ/ without assuming every accent changes pronunciation.,30,"été /ete/, père /pɛʁ/.","summer, father."
5,A0,"Letters, spelling and vowel sounds",learn,Consonants and final letters,Notice common consonant spellings and silent final letters; read words before combining them.,30,"chat /ʃa/, petit /pəti/.","cat, small."
6,A0,"Letters, spelling and vowel sounds",learn,Nasal vowels and sound pairs,Distinguish nasal vowels and read frequent vowel pairs without adding a final n.,30,"bon /bɔ̃/, pain /pɛ̃/.","good, bread."
7,A0,"Letters, spelling and vowel sounds",review,"Review: Letters, spelling and vowel sounds","Retrieve week-one letters, accents, oral vowels and nasals; discriminate before speaking.",40,,
8,A0,Counting and first sentences,learn,Numbers 0–10,Count 0–10 as isolated words and identify their written forms.,30,"zéro, un, deux, trois.","zero, one, two, three."
9,A0,Counting and first sentences,learn,Numbers 11–20,Count 11–20 and recognize the 17–19 dix pattern.,30,"onze, douze, treize, vingt.","eleven, twelve, thirteen, twenty."
10,A0,Counting and first sentences,learn,Tens and counting patterns,"Build 20–69 from tens and units, including the special et un pattern.",30,"vingt, trente, quarante, cinquante.","twenty, thirty, forty, fifty."
11,A0,Counting and first sentences,learn,Numbers 60–100,Recognize metropolitan French patterns 70–100 and place quantities in order.,30,"soixante-dix, quatre-vingts, cent.","seventy, eighty, one hundred."
12,A0,Counting and first sentences,learn,Subject pronouns and être,Use subject pronouns with être after mastering sound and number recognition.,30,"je suis, tu es, il est.","I am, you are, he is."
13,A0,Counting and first sentences,learn,First sentence and question,"Build a subject + verb + short complement, then ask a simple yes/no question by intonation.",30,Je suis ici. Tu es ici ?,I am here. Are you here?
14,A0,Counting and first sentences,review,Review: Counting and first sentences,"Retrieve numbers, pronoun–verb pairs and the first sentence patterns; identify weak spots.",40,,
15,A1,Identity and subject pronouns,learn,I and you,Identify people and use subject pronouns with être. Practice: i and you.,18,Je suis ici.,I am here.
16,A1,Identity and subject pronouns,learn,He and she,Identify people and use subject pronouns with être. Practice: he and she.,18,Elle est française.,She is French.
17,A1,Identity and subject pronouns,learn,We and they,Identify people and use subject pronouns with être. Practice: we and they.,18,Nous sommes prêts.,We are ready.
18,A1,Identity and subject pronouns,learn,Formal you,Identify people and use subject pronouns with être. Practice: formal you.,18,Vous êtes professeur ?,Are you a teacher?
19,A1,Identity and subject pronouns,learn,Names and origin,Identify people and use subject pronouns with être. Practice: names and origin.,18,Je viens du Canada.,I come from Canada.
20,A1,Identity and subject pronouns,learn,Simple introductions,Identify people and use subject pronouns with être. Practice: simple introductions.,18,C’est mon ami.,He is my friend.
21,A1,Identity and subject pronouns,review,Review: Identity and subject pronouns,"Retrieve this week’s six expressions, then perform a A1 speaking or writing task.",25,,
22,A1,Articles and noun gender,learn,A person,Use definite and indefinite articles with singular nouns. Practice: a person.,18,C'est une femme.,This is a woman.
23,A1,Articles and noun gender,learn,A place,Use definite and indefinite articles with singular nouns. Practice: a place.,18,Voici un hôtel.,Here is a hotel.
24,A1,Articles and noun gender,learn,The object,Use definite and indefinite articles with singular nouns. Practice: the object.,18,Le livre est ici.,The book is here.
25,A1,Articles and noun gender,learn,Feminine article,Use definite and indefinite articles with singular nouns. Practice: feminine article.,18,La table est grande.,The table is big.
26,A1,Articles and noun gender,learn,Elision,Use definite and indefinite articles with singular nouns. Practice: elision.,18,L'école est ouverte.,The school is open.
27,A1,Articles and noun gender,learn,Gender awareness,Use definite and indefinite articles with singular nouns. Practice: gender awareness.,18,Une amie arrive.,A friend is arriving.
28,A1,Articles and noun gender,review,Review: Articles and noun gender,"Retrieve this week’s six expressions, then perform a A1 speaking or writing task.",25,,
29,A1,Present tense: regular -er,learn,I speak,Conjugate common -er verbs in the present. Practice: i speak.,18,Je parle français.,I speak French.
30,A1,Present tense: regular -er,learn,You work,Conjugate common -er verbs in the present. Practice: you work.,18,Tu travailles demain.,You work tomorrow.
31,A1,Present tense: regular -er,learn,She listens,Conjugate common -er verbs in the present. Practice: she listens.,18,Elle écoute la radio.,She listens to the radio.
32,A1,Present tense: regular -er,learn,We like,Conjugate common -er verbs in the present. Practice: we like.,18,Nous aimons la musique.,We like music.
33,A1,Present tense: regular -er,learn,You look,Conjugate common -er verbs in the present. Practice: you look.,18,Vous regardez le film.,You watch the film.
34,A1,Present tense: regular -er,learn,They live,Conjugate common -er verbs in the present. Practice: they live.,18,Ils habitent à Lyon.,They live in Lyon.
35,A1,Present tense: regular -er,review,Review: Present tense: regular -er,"Retrieve this week’s six expressions, then perform a A1 speaking or writing task.",25,,
36,A1,Questions and answers,learn,Who,Ask basic questions with intonation and est-ce que. Practice: who.,18,Qui est là ?,Who is there?
37,A1,Questions and answers,learn,What,Ask basic questions with intonation and est-ce que. Practice: what.,18,Qu'est-ce que c'est ?,What is it?
38,A1,Questions and answers,learn,Where,Ask basic questions with intonation and est-ce que. Practice: where.,18,Où habites-tu ?,Where do you live?
39,A1,Questions and answers,learn,When,Ask basic questions with intonation and est-ce que. Practice: when.,18,Quand partons-nous ?,When are we leaving?
40,A1,Questions and answers,learn,Yes or no,Ask basic questions with intonation and est-ce que. Practice: yes or no.,18,Est-ce que tu comprends ?,Do you understand?
41,A1,Questions and answers,learn,Why,Ask basic questions with intonation and est-ce que. Practice: why.,18,Pourquoi étudies-tu le français ?,Why are you studying French?
42,A1,Questions and answers,review,Review: Questions and answers,"Retrieve this week’s six expressions, then perform a A1 speaking or writing task.",25,,
43,A1,Numbers dates and time,learn,Tens,"Use larger numbers, dates, and common time expressions. Practice: tens.",18,Il coûte trente euros.,It costs thirty euros.
44,A1,Numbers dates and time,learn,Hundreds,"Use larger numbers, dates, and common time expressions. Practice: hundreds.",18,Il y a cent personnes.,There are one hundred people.
45,A1,Numbers dates and time,learn,Day of week,"Use larger numbers, dates, and common time expressions. Practice: day of week.",18,Nous sommes lundi.,It is Monday.
46,A1,Numbers dates and time,learn,Date,"Use larger numbers, dates, and common time expressions. Practice: date.",18,Nous sommes le deux mai.,It is May second.
47,A1,Numbers dates and time,learn,Clock time,"Use larger numbers, dates, and common time expressions. Practice: clock time.",18,Il est huit heures.,It is eight o'clock.
48,A1,Numbers dates and time,learn,Appointments,"Use larger numbers, dates, and common time expressions. Practice: appointments.",18,Le cours commence à neuf heures.,Class starts at nine o'clock.
49,A1,Numbers dates and time,review,Review: Numbers dates and time,"Retrieve this week’s six expressions, then perform a A1 speaking or writing task.",25,,
50,A1,Possession and family,learn,Have,Express possession with avoir and possessive determiners. Practice: have.,18,J'ai un frère.,I have a brother.
51,A1,Possession and family,learn,My family,Express possession with avoir and possessive determiners. Practice: my family.,18,Ma mère travaille ici.,My mother works here.
52,A1,Possession and family,learn,Your family,Express possession with avoir and possessive determiners. Practice: your family.,18,Ton père est gentil.,Your father is kind.
53,A1,Possession and family,learn,His or her,Express possession with avoir and possessive determiners. Practice: his or her.,18,Son amie arrive.,His or her friend is arriving.
54,A1,Possession and family,learn,Our family,Express possession with avoir and possessive determiners. Practice: our family.,18,Notre sœur habite ici.,Our sister lives here.
55,A1,Possession and family,learn,Age with avoir,Express possession with avoir and possessive determiners. Practice: age with avoir.,18,J'ai vingt ans.,I am twenty years old.
56,A1,Possession and family,review,Review: Possession and family,"Retrieve this week’s six expressions, then perform a A1 speaking or writing task.",25,,
57,A1,Everyday adjectives,learn,Masculine description,Describe people and things with basic agreement. Practice: masculine description.,18,Le sac est petit.,The bag is small.
58,A1,Everyday adjectives,learn,Feminine description,Describe people and things with basic agreement. Practice: feminine description.,18,La maison est petite.,The house is small.
59,A1,Everyday adjectives,learn,Plural description,Describe people and things with basic agreement. Practice: plural description.,18,Les livres sont intéressants.,The books are interesting.
60,A1,Everyday adjectives,learn,Common prenominal adjective,Describe people and things with basic agreement. Practice: common prenominal adjective.,18,C'est un beau jour.,It is a beautiful day.
61,A1,Everyday adjectives,learn,Colors,Describe people and things with basic agreement. Practice: colors.,18,La voiture est rouge.,The car is red.
62,A1,Everyday adjectives,learn,Comparison starter,Describe people and things with basic agreement. Practice: comparison starter.,18,Mon frère est plus grand.,My brother is taller.
63,A1,Everyday adjectives,review,Review: Everyday adjectives,"Retrieve this week’s six expressions, then perform a A1 speaking or writing task.",25,,
64,A1,Food and partitives,learn,At the café,Order food and distinguish articles from partitives. Practice: at the café.,18,Je voudrais un thé.,I would like a tea.
65,A1,Food and partitives,learn,Some bread,Order food and distinguish articles from partitives. Practice: some bread.,18,Je mange du pain.,I eat bread.
66,A1,Food and partitives,learn,Some water,Order food and distinguish articles from partitives. Practice: some water.,18,Elle boit de l'eau.,She drinks water.
67,A1,Food and partitives,learn,Some salad,Order food and distinguish articles from partitives. Practice: some salad.,18,Nous prenons de la salade.,We are having salad.
68,A1,Food and partitives,learn,Menu choice,Order food and distinguish articles from partitives. Practice: menu choice.,18,Le plat du jour est bon.,The dish of the day is good.
69,A1,Food and partitives,learn,Paying,Order food and distinguish articles from partitives. Practice: paying.,18,"L'addition, s'il vous plaît.","The bill, please."
70,A1,Food and partitives,review,Review: Food and partitives,"Retrieve this week’s six expressions, then perform a A1 speaking or writing task.",25,,
71,A1,Places and directions,learn,At home,Use place prepositions and basic directions. Practice: at home.,18,Je suis à la maison.,I am at home.
72,A1,Places and directions,learn,In town,Use place prepositions and basic directions. Practice: in town.,18,La banque est en ville.,The bank is in town.
73,A1,Places and directions,learn,Next to,Use place prepositions and basic directions. Practice: next to.,18,La gare est à côté du parc.,The station is next to the park.
74,A1,Places and directions,learn,Straight ahead,Use place prepositions and basic directions. Practice: straight ahead.,18,Allez tout droit.,Go straight ahead.
75,A1,Places and directions,learn,Turn left,Use place prepositions and basic directions. Practice: turn left.,18,Tournez à gauche.,Turn left.
76,A1,Places and directions,learn,From and to,Use place prepositions and basic directions. Practice: from and to.,18,Je vais de Paris à Lille.,I am going from Paris to Lille.
77,A1,Places and directions,review,Review: Places and directions,"Retrieve this week’s six expressions, then perform a A1 speaking or writing task.",25,,
78,A1,Negation and frequency,learn,Not,Negate present statements and locate activities in time. Practice: not.,18,Je ne parle pas anglais.,I do not speak English.
79,A1,Negation and frequency,learn,Never,Negate present statements and locate activities in time. Practice: never.,18,Elle ne fume jamais.,She never smokes.
80,A1,Negation and frequency,learn,No longer,Negate present statements and locate activities in time. Practice: no longer.,18,Nous ne travaillons plus ici.,We no longer work here.
81,A1,Negation and frequency,learn,Often,Negate present statements and locate activities in time. Practice: often.,18,Je lis souvent le soir.,I often read in the evening.
82,A1,Negation and frequency,learn,Sometimes,Negate present statements and locate activities in time. Practice: sometimes.,18,Il cuisine parfois.,He sometimes cooks.
83,A1,Negation and frequency,learn,Every day,Negate present statements and locate activities in time. Practice: every day.,18,Nous marchons tous les jours.,We walk every day.
84,A1,Negation and frequency,review,Review: Negation and frequency,"Retrieve this week’s six expressions, then perform a A1 speaking or writing task.",25,,
85,A2,Irregular present verbs,learn,Go,Use frequent irregular verbs in everyday statements. Practice: go.,25,Je vais au marché.,I am going to the market.
86,A2,Irregular present verbs,learn,Do or make,Use frequent irregular verbs in everyday statements. Practice: do or make.,25,Nous faisons du sport.,We play sports.
87,A2,Irregular present verbs,learn,Come,Use frequent irregular verbs in everyday statements. Practice: come.,25,Elle vient ce soir.,She is coming tonight.
88,A2,Irregular present verbs,learn,Take,Use frequent irregular verbs in everyday statements. Practice: take.,25,Tu prends le train.,You take the train.
89,A2,Irregular present verbs,learn,Can,Use frequent irregular verbs in everyday statements. Practice: can.,25,Je peux aider.,I can help.
90,A2,Irregular present verbs,learn,Want,Use frequent irregular verbs in everyday statements. Practice: want.,25,Ils veulent partir.,They want to leave.
91,A2,Irregular present verbs,review,Review: Irregular present verbs,"Retrieve this week’s six expressions, then perform a A2 speaking or writing task.",40,,
92,A2,Reflexive routines,learn,Wake up,Describe daily routines with reflexive verbs and sequence. Practice: wake up.,25,Je me réveille tôt.,I wake up early.
93,A2,Reflexive routines,learn,Get up,Describe daily routines with reflexive verbs and sequence. Practice: get up.,25,Elle se lève à sept heures.,She gets up at seven.
94,A2,Reflexive routines,learn,Get dressed,Describe daily routines with reflexive verbs and sequence. Practice: get dressed.,25,Nous nous habillons vite.,We get dressed quickly.
95,A2,Reflexive routines,learn,Go to bed,Describe daily routines with reflexive verbs and sequence. Practice: go to bed.,25,Tu te couches tard.,You go to bed late.
96,A2,Reflexive routines,learn,Before and after,Describe daily routines with reflexive verbs and sequence. Practice: before and after.,25,Je déjeune après le cours.,I eat lunch after class.
97,A2,Reflexive routines,learn,Routine story,Describe daily routines with reflexive verbs and sequence. Practice: routine story.,25,"D'abord, je me lave.","First, I wash myself."
98,A2,Reflexive routines,review,Review: Reflexive routines,"Retrieve this week’s six expressions, then perform a A2 speaking or writing task.",40,,
99,A2,Past events: passé composé,learn,With avoir,Tell completed past events using avoir and être. Practice: with avoir.,25,J'ai regardé un film.,I watched a movie.
100,A2,Past events: passé composé,learn,With être,Tell completed past events using avoir and être. Practice: with être.,25,Elle est arrivée hier.,She arrived yesterday.
101,A2,Past events: passé composé,learn,Movement,Tell completed past events using avoir and être. Practice: movement.,25,Nous sommes partis tôt.,We left early.
102,A2,Past events: passé composé,learn,Past time,Tell completed past events using avoir and être. Practice: past time.,25,Ils ont mangé ce matin.,They ate this morning.
103,A2,Past events: passé composé,learn,Negative past,Tell completed past events using avoir and être. Practice: negative past.,25,Je n'ai pas compris.,I did not understand.
104,A2,Past events: passé composé,learn,Sequence,Tell completed past events using avoir and être. Practice: sequence.,25,"Puis, nous avons visité le musée.",Then we visited the museum.
105,A2,Past events: passé composé,review,Review: Past events: passé composé,"Retrieve this week’s six expressions, then perform a A2 speaking or writing task.",40,,
106,A2,Imperfect and past contrast,learn,Past habit,Describe past habits and background with imparfait. Practice: past habit.,25,"Quand j'étais petit, je jouais dehors.","When I was little, I played outside."
107,A2,Imperfect and past contrast,learn,Past setting,Describe past habits and background with imparfait. Practice: past setting.,25,Il faisait froid.,It was cold.
108,A2,Imperfect and past contrast,learn,Repeated activity,Describe past habits and background with imparfait. Practice: repeated activity.,25,Nous allions souvent au parc.,We often went to the park.
109,A2,Imperfect and past contrast,learn,Interruption,Describe past habits and background with imparfait. Practice: interruption.,25,Je lisais quand tu as appelé.,I was reading when you called.
110,A2,Imperfect and past contrast,learn,Description,Describe past habits and background with imparfait. Practice: description.,25,La rue était calme.,The street was quiet.
111,A2,Imperfect and past contrast,learn,Past contrast,Describe past habits and background with imparfait. Practice: past contrast.,25,Elle dormait quand je suis arrivé.,She was sleeping when I arrived.
112,A2,Imperfect and past contrast,review,Review: Imperfect and past contrast,"Retrieve this week’s six expressions, then perform a A2 speaking or writing task.",40,,
113,A2,Future plans,learn,Near future,Talk about intentions and predictions using near and simple future. Practice: near future.,25,Je vais partir demain.,I am going to leave tomorrow.
114,A2,Future plans,learn,Simple future,Talk about intentions and predictions using near and simple future. Practice: simple future.,25,Nous partirons lundi.,We will leave Monday.
115,A2,Future plans,learn,Future weather,Talk about intentions and predictions using near and simple future. Practice: future weather.,25,Il fera beau demain.,The weather will be nice tomorrow.
116,A2,Future plans,learn,Future irregular,Talk about intentions and predictions using near and simple future. Practice: future irregular.,25,Tu auras le temps.,You will have time.
117,A2,Future plans,learn,Planning,Talk about intentions and predictions using near and simple future. Practice: planning.,25,Je réserverai une table.,I will book a table.
118,A2,Future plans,learn,Promise,Talk about intentions and predictions using near and simple future. Practice: promise.,25,Je t'appellerai ce soir.,I will call you tonight.
119,A2,Future plans,review,Review: Future plans,"Retrieve this week’s six expressions, then perform a A2 speaking or writing task.",40,,
120,A2,Direct and indirect objects,learn,Direct object,Replace repeated nouns with object pronouns. Practice: direct object.,25,Je le vois.,I see him or it.
121,A2,Direct and indirect objects,learn,Feminine object,Replace repeated nouns with object pronouns. Practice: feminine object.,25,Je la connais.,I know her.
122,A2,Direct and indirect objects,learn,Plural object,Replace repeated nouns with object pronouns. Practice: plural object.,25,Nous les invitons.,We invite them.
123,A2,Direct and indirect objects,learn,Indirect object,Replace repeated nouns with object pronouns. Practice: indirect object.,25,Je lui parle.,I speak to him or her.
124,A2,Direct and indirect objects,learn,Plural indirect,Replace repeated nouns with object pronouns. Practice: plural indirect.,25,Elle leur écrit.,She writes to them.
125,A2,Direct and indirect objects,learn,Pronoun before verb,Replace repeated nouns with object pronouns. Practice: pronoun before verb.,25,Tu me comprends ?,Do you understand me?
126,A2,Direct and indirect objects,review,Review: Direct and indirect objects,"Retrieve this week’s six expressions, then perform a A2 speaking or writing task.",40,,
127,A2,Comparisons and quantities,learn,More than,Compare people or things and express amounts. Practice: more than.,25,Ce café est plus grand que l'autre.,This café is bigger than the other one.
128,A2,Comparisons and quantities,learn,Less than,Compare people or things and express amounts. Practice: less than.,25,Il est moins cher.,It is less expensive.
129,A2,Comparisons and quantities,learn,As much as,Compare people or things and express amounts. Practice: as much as.,25,Elle travaille autant que moi.,She works as much as I do.
130,A2,Comparisons and quantities,learn,Enough,Compare people or things and express amounts. Practice: enough.,25,Nous avons assez de temps.,We have enough time.
131,A2,Comparisons and quantities,learn,Too much,Compare people or things and express amounts. Practice: too much.,25,Il y a trop de bruit.,There is too much noise.
132,A2,Comparisons and quantities,learn,Superlative,Compare people or things and express amounts. Practice: superlative.,25,C'est le meilleur choix.,It is the best choice.
133,A2,Comparisons and quantities,review,Review: Comparisons and quantities,"Retrieve this week’s six expressions, then perform a A2 speaking or writing task.",40,,
134,A2,Travel and accommodation,learn,Booking,Complete common travel transactions and explain problems. Practice: booking.,25,J'ai réservé une chambre.,I booked a room.
135,A2,Travel and accommodation,learn,Arrival,Complete common travel transactions and explain problems. Practice: arrival.,25,Le train arrive à midi.,The train arrives at noon.
136,A2,Travel and accommodation,learn,Ticket,Complete common travel transactions and explain problems. Practice: ticket.,25,Je voudrais un billet aller-retour.,I would like a return ticket.
137,A2,Travel and accommodation,learn,Lost item,Complete common travel transactions and explain problems. Practice: lost item.,25,J'ai perdu mon passeport.,I lost my passport.
138,A2,Travel and accommodation,learn,Asking for help,Complete common travel transactions and explain problems. Practice: asking for help.,25,Pouvez-vous m'aider ?,Can you help me?
139,A2,Travel and accommodation,learn,At reception,Complete common travel transactions and explain problems. Practice: at reception.,25,La réservation est à mon nom.,The booking is in my name.
140,A2,Travel and accommodation,review,Review: Travel and accommodation,"Retrieve this week’s six expressions, then perform a A2 speaking or writing task.",40,,
141,A2,Health and practical needs,learn,Pain,Describe symptoms and make polite requests. Practice: pain.,25,J'ai mal à la tête.,I have a headache.
142,A2,Health and practical needs,learn,Appointment,Describe symptoms and make polite requests. Practice: appointment.,25,Je voudrais voir un médecin.,I would like to see a doctor.
143,A2,Health and practical needs,learn,Feeling unwell,Describe symptoms and make polite requests. Practice: feeling unwell.,25,Elle ne se sent pas bien.,She does not feel well.
144,A2,Health and practical needs,learn,Advice,Describe symptoms and make polite requests. Practice: advice.,25,Vous devriez vous reposer.,You should rest.
145,A2,Health and practical needs,learn,Pharmacy,Describe symptoms and make polite requests. Practice: pharmacy.,25,Où est la pharmacie ?,Where is the pharmacy?
146,A2,Health and practical needs,learn,Emergency,Describe symptoms and make polite requests. Practice: emergency.,25,J'ai besoin d'aide.,I need help.
147,A2,Health and practical needs,review,Review: Health and practical needs,"Retrieve this week’s six expressions, then perform a A2 speaking or writing task.",40,,
148,A2,Relative clauses and y/en,learn,Who,Connect simple ideas and use frequent adverbial pronouns. Practice: who.,25,C'est la personne qui m'aide.,That is the person who helps me.
149,A2,Relative clauses and y/en,learn,Which or that,Connect simple ideas and use frequent adverbial pronouns. Practice: which or that.,25,Voici le livre que je lis.,Here is the book I am reading.
150,A2,Relative clauses and y/en,learn,Where,Connect simple ideas and use frequent adverbial pronouns. Practice: where.,25,C'est la ville où je suis né.,It is the city where I was born.
151,A2,Relative clauses and y/en,learn,There with y,Connect simple ideas and use frequent adverbial pronouns. Practice: there with y.,25,J'y vais demain.,I am going there tomorrow.
152,A2,Relative clauses and y/en,learn,Some with en,Connect simple ideas and use frequent adverbial pronouns. Practice: some with en.,25,J'en veux deux.,I want two of them.
153,A2,Relative clauses and y/en,learn,Of it with en,Connect simple ideas and use frequent adverbial pronouns. Practice: of it with en.,25,Elle en parle souvent.,She often talks about it.
154,A2,Relative clauses and y/en,review,Review: Relative clauses and y/en,"Retrieve this week’s six expressions, then perform a A2 speaking or writing task.",40,,
155,B1,Narrating an experience,learn,Opening,Structure a personal account with time markers and past contrasts. Practice: opening.,25,"L'année dernière, j'ai déménagé.","Last year, I moved."
156,B1,Narrating an experience,learn,Setting,Structure a personal account with time markers and past contrasts. Practice: setting.,25,"À cette époque, je travaillais à Nantes.","At that time, I worked in Nantes."
157,B1,Narrating an experience,learn,Turning point,Structure a personal account with time markers and past contrasts. Practice: turning point.,25,"Soudain, le téléphone a sonné.","Suddenly, the phone rang."
158,B1,Narrating an experience,learn,Sequence,Structure a personal account with time markers and past contrasts. Practice: sequence.,25,"Ensuite, nous avons pris une décision.",Then we made a decision.
159,B1,Narrating an experience,learn,Reaction,Structure a personal account with time markers and past contrasts. Practice: reaction.,25,J'étais surpris par la nouvelle.,I was surprised by the news.
160,B1,Narrating an experience,learn,Closing,Structure a personal account with time markers and past contrasts. Practice: closing.,25,"Finalement, tout s'est bien passé.","In the end, everything went well."
161,B1,Narrating an experience,review,Review: Narrating an experience,"Retrieve this week’s six expressions, then perform a B1 speaking or writing task.",40,,
162,B1,Opinions and reasons,learn,Viewpoint,Support an opinion with reasons and examples. Practice: viewpoint.,25,"À mon avis, cette idée est utile.","In my opinion, this idea is useful."
163,B1,Opinions and reasons,learn,Reason,Support an opinion with reasons and examples. Practice: reason.,25,Je préfère le train parce qu'il est pratique.,I prefer the train because it is practical.
164,B1,Opinions and reasons,learn,Example,Support an opinion with reasons and examples. Practice: example.,25,"Par exemple, on peut lire en voyageant.","For example, one can read while traveling."
165,B1,Opinions and reasons,learn,Qualification,Support an opinion with reasons and examples. Practice: qualification.,25,"Cependant, le billet coûte cher.","However, the ticket is expensive."
166,B1,Opinions and reasons,learn,Agreement,Support an opinion with reasons and examples. Practice: agreement.,25,Je suis d'accord avec vous.,I agree with you.
167,B1,Opinions and reasons,learn,Disagreement,Support an opinion with reasons and examples. Practice: disagreement.,25,Je ne partage pas cet avis.,I do not share that opinion.
168,B1,Opinions and reasons,review,Review: Opinions and reasons,"Retrieve this week’s six expressions, then perform a B1 speaking or writing task.",40,,
169,B1,Conditional politeness,learn,Request,Make courteous requests and describe hypothetical choices. Practice: request.,25,Pourriez-vous répéter ?,Could you repeat?
170,B1,Conditional politeness,learn,Wish,Make courteous requests and describe hypothetical choices. Practice: wish.,25,J'aimerais apprendre le français.,I would like to learn French.
171,B1,Conditional politeness,learn,Suggestion,Make courteous requests and describe hypothetical choices. Practice: suggestion.,25,Nous pourrions partir plus tôt.,We could leave earlier.
172,B1,Conditional politeness,learn,Advice,Make courteous requests and describe hypothetical choices. Practice: advice.,25,"À ta place, je prendrais le bus.","In your position, I would take the bus."
173,B1,Conditional politeness,learn,Condition,Make courteous requests and describe hypothetical choices. Practice: condition.,25,"Si j'avais le temps, je voyagerais.","If I had time, I would travel."
174,B1,Conditional politeness,learn,Preference,Make courteous requests and describe hypothetical choices. Practice: preference.,25,Je choisirais la seconde option.,I would choose the second option.
175,B1,Conditional politeness,review,Review: Conditional politeness,"Retrieve this week’s six expressions, then perform a B1 speaking or writing task.",40,,
176,B1,Subjunctive introduction,learn,Necessity,"Express necessity, wishes, and doubt with common subjunctive forms. Practice: necessity.",25,Il faut que tu viennes.,You have to come.
177,B1,Subjunctive introduction,learn,Wish,"Express necessity, wishes, and doubt with common subjunctive forms. Practice: wish.",25,Je veux qu'elle réussisse.,I want her to succeed.
178,B1,Subjunctive introduction,learn,Doubt,"Express necessity, wishes, and doubt with common subjunctive forms. Practice: doubt.",25,Je doute qu'il soit prêt.,I doubt that he is ready.
179,B1,Subjunctive introduction,learn,Emotion,"Express necessity, wishes, and doubt with common subjunctive forms. Practice: emotion.",25,Je suis heureux que vous soyez là.,I am glad you are here.
180,B1,Subjunctive introduction,learn,Possibility,"Express necessity, wishes, and doubt with common subjunctive forms. Practice: possibility.",25,Il est possible qu'il pleuve.,It is possible that it will rain.
181,B1,Subjunctive introduction,learn,Infinitive contrast,"Express necessity, wishes, and doubt with common subjunctive forms. Practice: infinitive contrast.",25,Je veux partir tôt.,I want to leave early.
182,B1,Subjunctive introduction,review,Review: Subjunctive introduction,"Retrieve this week’s six expressions, then perform a B1 speaking or writing task.",40,,
183,B1,Work and study,learn,Job,"Describe skills, responsibilities, and applications. Practice: job.",25,Je travaille dans une petite équipe.,I work on a small team.
184,B1,Work and study,learn,Responsibility,"Describe skills, responsibilities, and applications. Practice: responsibility.",25,Je m'occupe des clients.,I take care of customers.
185,B1,Work and study,learn,Skill,"Describe skills, responsibilities, and applications. Practice: skill.",25,Je sais organiser un projet.,I know how to organize a project.
186,B1,Work and study,learn,Experience,"Describe skills, responsibilities, and applications. Practice: experience.",25,J'ai travaillé deux ans à Lyon.,I worked for two years in Lyon.
187,B1,Work and study,learn,Application,"Describe skills, responsibilities, and applications. Practice: application.",25,Je souhaite postuler à ce poste.,I would like to apply for this position.
188,B1,Work and study,learn,Interview,"Describe skills, responsibilities, and applications. Practice: interview.",25,Pouvez-vous décrire votre expérience ?,Can you describe your experience?
189,B1,Work and study,review,Review: Work and study,"Retrieve this week’s six expressions, then perform a B1 speaking or writing task.",40,,
190,B1,News and reported speech,learn,Headline,Summarize information and attribute statements accurately. Practice: headline.,25,Le journal annonce une réforme.,The newspaper announces a reform.
191,B1,News and reported speech,learn,Source,Summarize information and attribute statements accurately. Practice: source.,25,"Selon le reportage, la ville change.","According to the report, the city is changing."
192,B1,News and reported speech,learn,Direct quote,Summarize information and attribute statements accurately. Practice: direct quote.,25,Elle dit : « Je reviendrai demain. »,"She says, “I will come back tomorrow.”"
193,B1,News and reported speech,learn,Indirect speech,Summarize information and attribute statements accurately. Practice: indirect speech.,25,Elle dit qu'elle reviendra demain.,She says that she will come back tomorrow.
194,B1,News and reported speech,learn,Past reporting,Summarize information and attribute statements accurately. Practice: past reporting.,25,Il a expliqué qu'il était absent.,He explained that he was absent.
195,B1,News and reported speech,learn,Uncertainty,Summarize information and attribute statements accurately. Practice: uncertainty.,25,La cause reste inconnue.,The cause remains unknown.
196,B1,News and reported speech,review,Review: News and reported speech,"Retrieve this week’s six expressions, then perform a B1 speaking or writing task.",40,,
197,B1,Environment and solutions,learn,Problem,"Discuss problems, causes, and realistic actions. Practice: problem.",25,La pollution augmente dans cette ville.,Pollution is increasing in this city.
198,B1,Environment and solutions,learn,Cause,"Discuss problems, causes, and realistic actions. Practice: cause.",25,Cela dépend de nos habitudes.,That depends on our habits.
199,B1,Environment and solutions,learn,Effect,"Discuss problems, causes, and realistic actions. Practice: effect.",25,La chaleur affecte les récoltes.,The heat affects the harvests.
200,B1,Environment and solutions,learn,Suggestion,"Discuss problems, causes, and realistic actions. Practice: suggestion.",25,On devrait réduire les déchets.,We should reduce waste.
201,B1,Environment and solutions,learn,Comparison,"Discuss problems, causes, and realistic actions. Practice: comparison.",25,Le vélo pollue moins que la voiture.,A bicycle pollutes less than a car.
202,B1,Environment and solutions,learn,Proposal,"Discuss problems, causes, and realistic actions. Practice: proposal.",25,Nous pourrions recycler davantage.,We could recycle more.
203,B1,Environment and solutions,review,Review: Environment and solutions,"Retrieve this week’s six expressions, then perform a B1 speaking or writing task.",40,,
204,B1,Relationships and social life,learn,Friendship,"Express feelings, boundaries, and interpersonal dynamics. Practice: friendship.",25,Je connais Léa depuis dix ans.,I have known Léa for ten years.
205,B1,Relationships and social life,learn,Invitation,"Express feelings, boundaries, and interpersonal dynamics. Practice: invitation.",25,Tu veux venir dîner samedi ?,Would you like to come to dinner Saturday?
206,B1,Relationships and social life,learn,Apology,"Express feelings, boundaries, and interpersonal dynamics. Practice: apology.",25,Je suis désolé d'être en retard.,I am sorry for being late.
207,B1,Relationships and social life,learn,Conflict,"Express feelings, boundaries, and interpersonal dynamics. Practice: conflict.",25,Nous ne sommes pas d'accord sur ce point.,We disagree on this point.
208,B1,Relationships and social life,learn,Reconciliation,"Express feelings, boundaries, and interpersonal dynamics. Practice: reconciliation.",25,Nous avons fini par nous comprendre.,We eventually understood each other.
209,B1,Relationships and social life,learn,Support,"Express feelings, boundaries, and interpersonal dynamics. Practice: support.",25,Tu peux compter sur moi.,You can count on me.
210,B1,Relationships and social life,review,Review: Relationships and social life,"Retrieve this week’s six expressions, then perform a B1 speaking or writing task.",40,,
211,B1,Passive and impersonal forms,learn,Present passive,Shift focus from the actor to the event or process. Practice: present passive.,25,Ce produit est fabriqué en France.,This product is made in France.
212,B1,Passive and impersonal forms,learn,Past passive,Shift focus from the actor to the event or process. Practice: past passive.,25,La route a été fermée hier.,The road was closed yesterday.
213,B1,Passive and impersonal forms,learn,Agent,Shift focus from the actor to the event or process. Practice: agent.,25,Le livre a été écrit par une historienne.,The book was written by a historian.
214,B1,Passive and impersonal forms,learn,Impersonal on,Shift focus from the actor to the event or process. Practice: impersonal on.,25,On parle français ici.,French is spoken here.
215,B1,Passive and impersonal forms,learn,Il est important,Shift focus from the actor to the event or process. Practice: il est important.,25,Il est important de vérifier les faits.,It is important to check the facts.
216,B1,Passive and impersonal forms,learn,Process,Shift focus from the actor to the event or process. Practice: process.,25,Le dossier sera examiné demain.,The file will be examined tomorrow.
217,B1,Passive and impersonal forms,review,Review: Passive and impersonal forms,"Retrieve this week’s six expressions, then perform a B1 speaking or writing task.",40,,
218,B1,Complex negatives and restriction,learn,Nothing,"Differentiate absence, restriction, and partial negation. Practice: nothing.",25,Je n'ai rien compris.,I understood nothing.
219,B1,Complex negatives and restriction,learn,Nobody,"Differentiate absence, restriction, and partial negation. Practice: nobody.",25,Personne ne répond.,Nobody is answering.
220,B1,Complex negatives and restriction,learn,Only,"Differentiate absence, restriction, and partial negation. Practice: only.",25,Je n'ai que dix minutes.,I only have ten minutes.
221,B1,Complex negatives and restriction,learn,Neither nor,"Differentiate absence, restriction, and partial negation. Practice: neither nor.",25,Je ne veux ni café ni thé.,I want neither coffee nor tea.
222,B1,Complex negatives and restriction,learn,Not yet,"Differentiate absence, restriction, and partial negation. Practice: not yet.",25,Elle n'est pas encore arrivée.,She has not arrived yet.
223,B1,Complex negatives and restriction,learn,No more,"Differentiate absence, restriction, and partial negation. Practice: no more.",25,Il n'y a plus de pain.,There is no bread left.
224,B1,Complex negatives and restriction,review,Review: Complex negatives and restriction,"Retrieve this week’s six expressions, then perform a B1 speaking or writing task.",40,,
225,B1,Letters and emails,learn,Opening,Write coherent messages for common formal and informal needs. Practice: opening.,25,"Madame, je vous écris au sujet du contrat.","Dear Madam, I am writing about the contract."
226,B1,Letters and emails,learn,Reason,Write coherent messages for common formal and informal needs. Practice: reason.,25,Je souhaite obtenir des renseignements.,I would like to obtain information.
227,B1,Letters and emails,learn,Detail,Write coherent messages for common formal and informal needs. Practice: detail.,25,Le colis est arrivé endommagé.,The parcel arrived damaged.
228,B1,Letters and emails,learn,Request,Write coherent messages for common formal and informal needs. Practice: request.,25,Pourriez-vous me répondre avant vendredi ?,Could you reply before Friday?
229,B1,Letters and emails,learn,Closing,Write coherent messages for common formal and informal needs. Practice: closing.,25,Je vous remercie de votre aide.,Thank you for your help.
230,B1,Letters and emails,learn,Informal note,Write coherent messages for common formal and informal needs. Practice: informal note.,25,"Salut, on se retrouve demain ?","Hi, shall we meet tomorrow?"
231,B1,Letters and emails,review,Review: Letters and emails,"Retrieve this week’s six expressions, then perform a B1 speaking or writing task.",40,,
232,B1,Describing culture,learn,Observation,"Compare customs, interpret experiences, and avoid overgeneralization. Practice: observation.",25,"Dans ma région, on dîne assez tard.","In my region, people eat fairly late."
233,B1,Describing culture,learn,Contrast,"Compare customs, interpret experiences, and avoid overgeneralization. Practice: contrast.",25,"En revanche, les magasins ferment tôt.","On the other hand, shops close early."
234,B1,Describing culture,learn,Context,"Compare customs, interpret experiences, and avoid overgeneralization. Practice: context.",25,Cette tradition varie selon les familles.,This tradition varies by family.
235,B1,Describing culture,learn,Preference,"Compare customs, interpret experiences, and avoid overgeneralization. Practice: preference.",25,J'apprécie cette manière de célébrer.,I appreciate this way of celebrating.
236,B1,Describing culture,learn,Question,"Compare customs, interpret experiences, and avoid overgeneralization. Practice: question.",25,Comment fêtez-vous cette occasion ?,How do you celebrate this occasion?
237,B1,Describing culture,learn,Reflection,"Compare customs, interpret experiences, and avoid overgeneralization. Practice: reflection.",25,Cela m'a fait voir les choses autrement.,That made me see things differently.
238,B1,Describing culture,review,Review: Describing culture,"Retrieve this week’s six expressions, then perform a B1 speaking or writing task.",40,,
239,B2,Argument structure,learn,Claim,"Build a balanced argument with claim, evidence, and concession. Practice: claim.",35,Cette mesure pourrait améliorer l'accès aux soins.,This measure could improve access to healthcare.
240,B2,Argument structure,learn,Evidence,"Build a balanced argument with claim, evidence, and concession. Practice: evidence.",35,Les chiffres confirment cette tendance.,The figures confirm this trend.
241,B2,Argument structure,learn,Concession,"Build a balanced argument with claim, evidence, and concession. Practice: concession.",35,"Certes, la réforme a un coût.","Admittedly, the reform has a cost."
242,B2,Argument structure,learn,Counterargument,"Build a balanced argument with claim, evidence, and concession. Practice: counterargument.",35,"Toutefois, ses bénéfices sont durables.","However, its benefits are lasting."
243,B2,Argument structure,learn,Synthesis,"Build a balanced argument with claim, evidence, and concession. Practice: synthesis.",35,Il faut donc peser les deux aspects.,We must therefore weigh both aspects.
244,B2,Argument structure,learn,Conclusion,"Build a balanced argument with claim, evidence, and concession. Practice: conclusion.",35,"En somme, une approche progressive semble préférable.","In short, a gradual approach seems preferable."
245,B2,Argument structure,review,Review: Argument structure,"Retrieve this week’s six expressions, then perform a B2 speaking or writing task.",40,,
246,B2,Nuanced cause and consequence,learn,Because of,Connect complex causes and distinguish intended from unintended effects. Practice: because of.,35,"En raison des travaux, la rue est fermée.","Because of construction, the street is closed."
247,B2,Nuanced cause and consequence,learn,Since,Connect complex causes and distinguish intended from unintended effects. Practice: since.,35,"Puisque vous êtes là, commençons.","Since you are here, let us begin."
248,B2,Nuanced cause and consequence,learn,As a result,Connect complex causes and distinguish intended from unintended effects. Practice: as a result.,35,"La demande augmente ; par conséquent, les prix montent.","Demand is rising; consequently, prices are rising."
249,B2,Nuanced cause and consequence,learn,So that,Connect complex causes and distinguish intended from unintended effects. Practice: so that.,35,Nous adaptons l'horaire afin que chacun participe.,We are changing the schedule so that everyone can take part.
250,B2,Nuanced cause and consequence,learn,Unintended effect,Connect complex causes and distinguish intended from unintended effects. Practice: unintended effect.,35,Cette décision risque d'aggraver le problème.,This decision may make the problem worse.
251,B2,Nuanced cause and consequence,learn,Cause distinction,Connect complex causes and distinguish intended from unintended effects. Practice: cause distinction.,35,La hausse s'explique en partie par les coûts.,The rise is partly explained by costs.
252,B2,Nuanced cause and consequence,review,Review: Nuanced cause and consequence,"Retrieve this week’s six expressions, then perform a B2 speaking or writing task.",40,,
253,B2,Advanced relative pronouns,learn,Dont,"Use dont, lequel, and prepositional relative forms. Practice: dont.",35,C'est un sujet dont nous parlons souvent.,This is a subject we often talk about.
254,B2,Advanced relative pronouns,learn,Lequel,"Use dont, lequel, and prepositional relative forms. Practice: lequel.",35,Voici le dossier sur lequel je travaille.,Here is the file I am working on.
255,B2,Advanced relative pronouns,learn,Auquel,"Use dont, lequel, and prepositional relative forms. Practice: auquel.",35,C'est un projet auquel je tiens.,It is a project I care about.
256,B2,Advanced relative pronouns,learn,Duquel,"Use dont, lequel, and prepositional relative forms. Practice: duquel.",35,Le bâtiment près duquel j'habite est ancien.,The building near which I live is old.
257,B2,Advanced relative pronouns,learn,Ce qui,"Use dont, lequel, and prepositional relative forms. Practice: ce qui.",35,"Ce qui m'inquiète, c'est le délai.",What worries me is the deadline.
258,B2,Advanced relative pronouns,learn,Ce dont,"Use dont, lequel, and prepositional relative forms. Practice: ce dont.",35,"Ce dont j'ai besoin, c'est de temps.",What I need is time.
259,B2,Advanced relative pronouns,review,Review: Advanced relative pronouns,"Retrieve this week’s six expressions, then perform a B2 speaking or writing task.",40,,
260,B2,Past perfect and anteriority,learn,Plus-que-parfait,Express earlier past actions and sequence events precisely. Practice: plus-que-parfait.,35,J'avais déjà mangé quand elle est arrivée.,I had already eaten when she arrived.
261,B2,Past perfect and anteriority,learn,Cause in past,Express earlier past actions and sequence events precisely. Practice: cause in past.,35,Il était fatigué parce qu'il avait mal dormi.,He was tired because he had slept badly.
262,B2,Past perfect and anteriority,learn,Before,Express earlier past actions and sequence events precisely. Practice: before.,35,"Avant de partir, j'ai fermé la porte.","Before leaving, I closed the door."
263,B2,Past perfect and anteriority,learn,After,Express earlier past actions and sequence events precisely. Practice: after.,35,"Après avoir terminé, elle est sortie.","After finishing, she went out."
264,B2,Past perfect and anteriority,learn,Future perfect,Express earlier past actions and sequence events precisely. Practice: future perfect.,35,"Quand tu arriveras, j'aurai fini.","When you arrive, I will have finished."
265,B2,Past perfect and anteriority,learn,Past sequence,Express earlier past actions and sequence events precisely. Practice: past sequence.,35,"Dès qu'il avait fini, il partait.","As soon as he had finished, he would leave."
266,B2,Past perfect and anteriority,review,Review: Past perfect and anteriority,"Retrieve this week’s six expressions, then perform a B2 speaking or writing task.",40,,
267,B2,Hypothetical past and regrets,learn,Past condition,Describe unreal past conditions and consequences. Practice: past condition.,35,"Si j'avais su, je serais venu.","If I had known, I would have come."
268,B2,Hypothetical past and regrets,learn,Regret,Describe unreal past conditions and consequences. Practice: regret.,35,J'aurais dû vous prévenir.,I should have warned you.
269,B2,Hypothetical past and regrets,learn,Alternative,Describe unreal past conditions and consequences. Practice: alternative.,35,Nous aurions pu agir plus tôt.,We could have acted sooner.
270,B2,Hypothetical past and regrets,learn,Conditional past,Describe unreal past conditions and consequences. Practice: conditional past.,35,Elle aurait accepté l'offre.,She would have accepted the offer.
271,B2,Hypothetical past and regrets,learn,Mixed condition,Describe unreal past conditions and consequences. Practice: mixed condition.,35,"Si j'avais étudié, je serais prêt aujourd'hui.","If I had studied, I would be ready today."
272,B2,Hypothetical past and regrets,learn,Unconfirmed report,Describe unreal past conditions and consequences. Practice: unconfirmed report.,35,Le ministre aurait démissionné.,The minister has reportedly resigned.
273,B2,Hypothetical past and regrets,review,Review: Hypothetical past and regrets,"Retrieve this week’s six expressions, then perform a B2 speaking or writing task.",40,,
274,B2,Advanced subjunctive,learn,Concession,"Use the subjunctive with concession, purpose, and uncertainty. Practice: concession.",35,"Bien qu'il soit tard, continuons.","Although it is late, let us continue."
275,B2,Advanced subjunctive,learn,Purpose,"Use the subjunctive with concession, purpose, and uncertainty. Practice: purpose.",35,Je répète pour que vous compreniez.,I repeat so that you understand.
276,B2,Advanced subjunctive,learn,Before,"Use the subjunctive with concession, purpose, and uncertainty. Practice: before.",35,Partons avant qu'il ne pleuve.,Let us leave before it rains.
277,B2,Advanced subjunctive,learn,Until,"Use the subjunctive with concession, purpose, and uncertainty. Practice: until.",35,Attends jusqu'à ce qu'elle revienne.,Wait until she comes back.
278,B2,Advanced subjunctive,learn,Uncertainty,"Use the subjunctive with concession, purpose, and uncertainty. Practice: uncertainty.",35,Je cherche quelqu'un qui puisse m'aider.,I am looking for someone who can help me.
279,B2,Advanced subjunctive,learn,Indicative contrast,"Use the subjunctive with concession, purpose, and uncertainty. Practice: indicative contrast.",35,Je sais qu'il est là.,I know that he is there.
280,B2,Advanced subjunctive,review,Review: Advanced subjunctive,"Retrieve this week’s six expressions, then perform a B2 speaking or writing task.",40,,
281,B2,Debate and interruption,learn,Interject,Take and hold turns in discussion while acknowledging others. Practice: interject.,35,"Si je peux me permettre, j'ajouterais un point.","If I may, I would add a point."
282,B2,Debate and interruption,learn,Clarify,Take and hold turns in discussion while acknowledging others. Practice: clarify.,35,Pourriez-vous préciser votre argument ?,Could you clarify your argument?
283,B2,Debate and interruption,learn,Reframe,Take and hold turns in discussion while acknowledging others. Practice: reframe.,35,"Autrement dit, le problème est structurel.","In other words, the problem is structural."
284,B2,Debate and interruption,learn,Concede,Take and hold turns in discussion while acknowledging others. Practice: concede.,35,Je reconnais que cet argument est valable.,I acknowledge that this argument is valid.
285,B2,Debate and interruption,learn,Challenge,Take and hold turns in discussion while acknowledging others. Practice: challenge.,35,Sur quelles données vous appuyez-vous ?,What data are you relying on?
286,B2,Debate and interruption,learn,Close turn,Take and hold turns in discussion while acknowledging others. Practice: close turn.,35,Je vous laisse répondre à cette question.,I will let you answer that question.
287,B2,Debate and interruption,review,Review: Debate and interruption,"Retrieve this week’s six expressions, then perform a B2 speaking or writing task.",40,,
288,B2,Media and source evaluation,learn,Attribution,"Interpret framing, claims, evidence, and bias in media. Practice: attribution.",35,"D'après l'enquête, les usages évoluent.","According to the survey, practices are changing."
289,B2,Media and source evaluation,learn,Fact versus opinion,"Interpret framing, claims, evidence, and bias in media. Practice: fact versus opinion.",35,Cette affirmation demande une vérification.,That claim needs verification.
290,B2,Media and source evaluation,learn,Framing,"Interpret framing, claims, evidence, and bias in media. Practice: framing.",35,Le titre exagère la portée du résultat.,The headline exaggerates the significance of the result.
291,B2,Media and source evaluation,learn,Uncertainty,"Interpret framing, claims, evidence, and bias in media. Practice: uncertainty.",35,Les données restent insuffisantes pour conclure.,The data remain insufficient to draw a conclusion.
292,B2,Media and source evaluation,learn,Comparison,"Interpret framing, claims, evidence, and bias in media. Practice: comparison.",35,Deux sources donnent des chiffres différents.,Two sources give different figures.
293,B2,Media and source evaluation,learn,Synthesis,"Interpret framing, claims, evidence, and bias in media. Practice: synthesis.",35,Les témoignages nuancent les statistiques.,The accounts add nuance to the statistics.
294,B2,Media and source evaluation,review,Review: Media and source evaluation,"Retrieve this week’s six expressions, then perform a B2 speaking or writing task.",40,,
295,B2,Professional writing,learn,Purpose,"Write formal proposals, complaints, and summaries. Practice: purpose.",35,Je vous soumets cette proposition pour examen.,I submit this proposal for review.
296,B2,Professional writing,learn,Context,"Write formal proposals, complaints, and summaries. Practice: context.",35,"À la suite de notre entretien, voici un résumé.","Following our meeting, here is a summary."
297,B2,Professional writing,learn,Request,"Write formal proposals, complaints, and summaries. Practice: request.",35,Je vous saurais gré de confirmer la réception.,I would appreciate confirmation of receipt.
298,B2,Professional writing,learn,Complaint,"Write formal proposals, complaints, and summaries. Practice: complaint.",35,Le service ne correspond pas au contrat.,The service does not match the contract.
299,B2,Professional writing,learn,Recommendation,"Write formal proposals, complaints, and summaries. Practice: recommendation.",35,Je recommande de revoir le calendrier.,I recommend revising the schedule.
300,B2,Professional writing,learn,Closing,"Write formal proposals, complaints, and summaries. Practice: closing.",35,Je reste à votre disposition pour en discuter.,I remain available to discuss it.
301,B2,Professional writing,review,Review: Professional writing,"Retrieve this week’s six expressions, then perform a B2 speaking or writing task.",40,,
302,B2,Mediation and summaries,learn,Identify main point,Summarize information for someone with different needs or background. Practice: identify main point.,35,Le document traite de l'accès au logement.,The document deals with access to housing.
303,B2,Mediation and summaries,learn,Paraphrase,Summarize information for someone with different needs or background. Practice: paraphrase.,35,"En termes simples, le coût a augmenté.","In simple terms, the cost has increased."
304,B2,Mediation and summaries,learn,Compare views,Summarize information for someone with different needs or background. Practice: compare views.,35,Les deux auteurs s'accordent sur le constat.,The two authors agree on the observation.
305,B2,Mediation and summaries,learn,Surface difference,Summarize information for someone with different needs or background. Practice: surface difference.,35,Ils divergent toutefois sur les solutions.,"They differ, however, on the solutions."
306,B2,Mediation and summaries,learn,Explain for audience,Summarize information for someone with different needs or background. Practice: explain for audience.,35,"Pour un nouveau venu, cela signifie un délai.","For a newcomer, this means a delay."
307,B2,Mediation and summaries,learn,Check understanding,Summarize information for someone with different needs or background. Practice: check understanding.,35,Est-ce que ce résumé répond à votre question ?,Does this summary answer your question?
308,B2,Mediation and summaries,review,Review: Mediation and summaries,"Retrieve this week’s six expressions, then perform a B2 speaking or writing task.",40,,
309,C1,Register and audience,learn,Familiar,"Adjust tone, syntax, and word choice to audience and purpose. Practice: familiar.",35,Tu me tiens au courant ?,Will you keep me posted?
310,C1,Register and audience,learn,Neutral,"Adjust tone, syntax, and word choice to audience and purpose. Practice: neutral.",35,Pouvez-vous me tenir au courant ?,Can you keep me updated?
311,C1,Register and audience,learn,Formal,"Adjust tone, syntax, and word choice to audience and purpose. Practice: formal.",35,Je vous prie de bien vouloir me tenir informé.,I would be grateful if you would keep me informed.
312,C1,Register and audience,learn,Impersonal,"Adjust tone, syntax, and word choice to audience and purpose. Practice: impersonal.",35,Il conviendrait de préciser les modalités.,It would be appropriate to clarify the arrangements.
313,C1,Register and audience,learn,Diplomatic,"Adjust tone, syntax, and word choice to audience and purpose. Practice: diplomatic.",35,Il me semble que ce point mérite réflexion.,It seems to me that this point deserves thought.
314,C1,Register and audience,learn,Audience shift,"Adjust tone, syntax, and word choice to audience and purpose. Practice: audience shift.",35,"Pour le public, reformulons ce terme.","For the public, let us rephrase this term."
315,C1,Register and audience,review,Review: Register and audience,"Retrieve this week’s six expressions, then perform a C1 speaking or writing task.",40,,
316,C1,Implicit meaning and irony,learn,Understatement,"Identify implied viewpoints, understatement, and ironic distance. Practice: understatement.",35,Ce n'est pas sa meilleure idée.,It is not his best idea.
317,C1,Implicit meaning and irony,learn,Implied criticism,"Identify implied viewpoints, understatement, and ironic distance. Practice: implied criticism.",35,On aurait pu consulter les habitants.,The residents could have been consulted.
318,C1,Implicit meaning and irony,learn,Irony,"Identify implied viewpoints, understatement, and ironic distance. Practice: irony.",35,Quelle excellente idée de partir sous l'orage !,What a brilliant idea to leave in the storm!
319,C1,Implicit meaning and irony,learn,Qualification,"Identify implied viewpoints, understatement, and ironic distance. Practice: qualification.",35,Disons que les résultats sont mitigés.,Let us say that the results are mixed.
320,C1,Implicit meaning and irony,learn,Presupposition,"Identify implied viewpoints, understatement, and ironic distance. Practice: presupposition.",35,Même Paul a accepté la proposition.,Even Paul accepted the proposal.
321,C1,Implicit meaning and irony,learn,Read between lines,"Identify implied viewpoints, understatement, and ironic distance. Practice: read between lines.",35,Il s'est gardé de répondre directement.,He avoided answering directly.
322,C1,Implicit meaning and irony,review,Review: Implicit meaning and irony,"Retrieve this week’s six expressions, then perform a C1 speaking or writing task.",40,,
323,C1,Nominalization and density,learn,Verb to noun,Condense clauses for formal writing without hiding meaning. Practice: verb to noun.,35,La réduction des coûts reste prioritaire.,Reducing costs remains a priority.
324,C1,Nominalization and density,learn,Process,Condense clauses for formal writing without hiding meaning. Practice: process.,35,La mise en œuvre prendra du temps.,Implementation will take time.
325,C1,Nominalization and density,learn,Abstract noun,Condense clauses for formal writing without hiding meaning. Practice: abstract noun.,35,Cette évolution pose plusieurs questions.,This development raises several questions.
326,C1,Nominalization and density,learn,Unpack density,Condense clauses for formal writing without hiding meaning. Practice: unpack density.,35,Le projet a été annulé faute de financement.,The project was canceled for lack of funding.
327,C1,Nominalization and density,learn,Agent clarity,Condense clauses for formal writing without hiding meaning. Practice: agent clarity.,35,Le comité a approuvé la modification.,The committee approved the change.
328,C1,Nominalization and density,learn,Plain rewrite,Condense clauses for formal writing without hiding meaning. Practice: plain rewrite.,35,Nous avons modifié le plan après consultation.,We changed the plan after consultation.
329,C1,Nominalization and density,review,Review: Nominalization and density,"Retrieve this week’s six expressions, then perform a C1 speaking or writing task.",40,,
330,C1,Complex cohesion,learn,On one hand,"Guide a reader through contrast, restriction, and synthesis. Practice: on one hand.",35,"D'une part, la solution est rapide.","On one hand, the solution is quick."
331,C1,Complex cohesion,learn,On the other,"Guide a reader through contrast, restriction, and synthesis. Practice: on the other.",35,"D'autre part, elle reste coûteuse.","On the other hand, it remains expensive."
332,C1,Complex cohesion,learn,Nevertheless,"Guide a reader through contrast, restriction, and synthesis. Practice: nevertheless.",35,"Néanmoins, elle mérite d'être étudiée.","Nevertheless, it deserves to be studied."
333,C1,Complex cohesion,learn,That said,"Guide a reader through contrast, restriction, and synthesis. Practice: that said.",35,"Cela dit, les risques demeurent.","That said, the risks remain."
334,C1,Complex cohesion,learn,In this respect,"Guide a reader through contrast, restriction, and synthesis. Practice: in this respect.",35,"À cet égard, l'exemple est révélateur.","In this regard, the example is revealing."
335,C1,Complex cohesion,learn,Taken together,"Guide a reader through contrast, restriction, and synthesis. Practice: taken together.",35,"Au total, ces éléments plaident pour un essai.","Overall, these points support a trial."
336,C1,Complex cohesion,review,Review: Complex cohesion,"Retrieve this week’s six expressions, then perform a C1 speaking or writing task.",40,,
337,C1,Evidence and uncertainty,learn,Tentative,Calibrate confidence and distinguish evidence from interpretation. Practice: tentative.,35,Il semble que la tendance se confirme.,It appears that the trend is being confirmed.
338,C1,Evidence and uncertainty,learn,Evidence,Calibrate confidence and distinguish evidence from interpretation. Practice: evidence.,35,Les résultats tendent à montrer une amélioration.,The results tend to show an improvement.
339,C1,Evidence and uncertainty,learn,Limit,Calibrate confidence and distinguish evidence from interpretation. Practice: limit.,35,Cette étude ne permet pas de généraliser.,This study does not allow generalization.
340,C1,Evidence and uncertainty,learn,Caution,Calibrate confidence and distinguish evidence from interpretation. Practice: caution.,35,Il serait prématuré d'en déduire une cause.,It would be premature to infer a cause.
341,C1,Evidence and uncertainty,learn,Counterexample,Calibrate confidence and distinguish evidence from interpretation. Practice: counterexample.,35,Un contre-exemple suffit à nuancer la thèse.,One counterexample is enough to qualify the thesis.
342,C1,Evidence and uncertainty,learn,Conclusion,Calibrate confidence and distinguish evidence from interpretation. Practice: conclusion.,35,Nous pouvons conclure avec prudence.,We can draw a cautious conclusion.
343,C1,Evidence and uncertainty,review,Review: Evidence and uncertainty,"Retrieve this week’s six expressions, then perform a C1 speaking or writing task.",40,,
344,C1,Literary and journalistic style,learn,Imagery,"Interpret imagery, perspective, and stylistic choices. Practice: imagery.",35,La ville s'éveillait sous la pluie.,The city was waking beneath the rain.
345,C1,Literary and journalistic style,learn,Narrator,"Interpret imagery, perspective, and stylistic choices. Practice: narrator.",35,Le narrateur ignore encore la vérité.,The narrator does not yet know the truth.
346,C1,Literary and journalistic style,learn,Perspective,"Interpret imagery, perspective, and stylistic choices. Practice: perspective.",35,Le récit adopte le point de vue de l'enfant.,The story adopts the child's point of view.
347,C1,Literary and journalistic style,learn,Tone,"Interpret imagery, perspective, and stylistic choices. Practice: tone.",35,L'auteur choisit un ton volontairement sobre.,The author deliberately chooses a restrained tone.
348,C1,Literary and journalistic style,learn,Metaphor,"Interpret imagery, perspective, and stylistic choices. Practice: metaphor.",35,Cette décision a ouvert une brèche.,That decision opened a breach.
349,C1,Literary and journalistic style,learn,Interpretation,"Interpret imagery, perspective, and stylistic choices. Practice: interpretation.",35,Cette image suggère une rupture progressive.,This image suggests a gradual break.
350,C1,Literary and journalistic style,review,Review: Literary and journalistic style,"Retrieve this week’s six expressions, then perform a C1 speaking or writing task.",40,,
351,C1,Negotiation and diplomacy,learn,Common ground,Manage disagreement while preserving relationships and clarifying terms. Practice: common ground.,35,Nous partageons le même objectif.,We share the same goal.
352,C1,Negotiation and diplomacy,learn,Condition,Manage disagreement while preserving relationships and clarifying terms. Practice: condition.,35,Nous pourrions accepter sous certaines conditions.,We could accept under certain conditions.
353,C1,Negotiation and diplomacy,learn,Tradeoff,Manage disagreement while preserving relationships and clarifying terms. Practice: tradeoff.,35,Cette option offrirait davantage de souplesse.,This option would offer greater flexibility.
354,C1,Negotiation and diplomacy,learn,Objection,Manage disagreement while preserving relationships and clarifying terms. Practice: objection.,35,Je comprends votre réserve sur les délais.,I understand your concern about the deadlines.
355,C1,Negotiation and diplomacy,learn,Counterproposal,Manage disagreement while preserving relationships and clarifying terms. Practice: counterproposal.,35,Je vous propose de revoir le calendrier.,I suggest that we revisit the schedule.
356,C1,Negotiation and diplomacy,learn,Agreement,Manage disagreement while preserving relationships and clarifying terms. Practice: agreement.,35,Nous sommes convenus d'un compromis.,We agreed on a compromise.
357,C1,Negotiation and diplomacy,review,Review: Negotiation and diplomacy,"Retrieve this week’s six expressions, then perform a C1 speaking or writing task.",40,,
358,C1,Extended presentation,learn,Opening,Organize a sustained explanation and respond to follow-up questions. Practice: opening.,35,Je commencerai par situer le problème.,I will start by framing the problem.
359,C1,Extended presentation,learn,Roadmap,Organize a sustained explanation and respond to follow-up questions. Practice: roadmap.,35,J'aborderai ensuite trois pistes de solution.,I will then address three possible solutions.
360,C1,Extended presentation,learn,Transition,Organize a sustained explanation and respond to follow-up questions. Practice: transition.,35,Venons-en maintenant aux conséquences.,Let us now turn to the consequences.
361,C1,Extended presentation,learn,Emphasis,Organize a sustained explanation and respond to follow-up questions. Practice: emphasis.,35,Ce point mérite une attention particulière.,This point deserves special attention.
362,C1,Extended presentation,learn,Question handling,Organize a sustained explanation and respond to follow-up questions. Practice: question handling.,35,Votre question porte sur les coûts indirects.,Your question concerns indirect costs.
363,C1,Extended presentation,learn,Close,Organize a sustained explanation and respond to follow-up questions. Practice: close.,35,Je conclurai par deux recommandations.,I will conclude with two recommendations.
364,C1,Extended presentation,review,Review: Extended presentation,"Retrieve this week’s six expressions, then perform a C1 speaking or writing task.",40,,
365,C2,Subtle modality,learn,Conjecture,"Differentiate assertion, conjecture, obligation, and reported claims. Practice: conjecture.",35,Il se pourrait que la situation évolue.,The situation might change.
366,C2,Subtle modality,learn,Distance,"Differentiate assertion, conjecture, obligation, and reported claims. Practice: distance.",35,"Il aurait, paraît-il, refusé l'offre.","He apparently declined the offer, so they say."
367,C2,Subtle modality,learn,Necessity,"Differentiate assertion, conjecture, obligation, and reported claims. Practice: necessity.",35,Encore faudrait-il obtenir leur accord.,Their agreement would still have to be obtained.
368,C2,Subtle modality,learn,Counterfactual,"Differentiate assertion, conjecture, obligation, and reported claims. Practice: counterfactual.",35,"À défaut d'aide, le projet aurait échoué.","Without help, the project would have failed."
369,C2,Subtle modality,learn,Tentative assertion,"Differentiate assertion, conjecture, obligation, and reported claims. Practice: tentative assertion.",35,Tout porte à croire qu'elle avait raison.,Everything suggests that she was right.
370,C2,Subtle modality,learn,Qualified certainty,"Differentiate assertion, conjecture, obligation, and reported claims. Practice: qualified certainty.",35,Il ne fait guère de doute que cela compte.,There is little doubt that it matters.
371,C2,Subtle modality,review,Review: Subtle modality,"Retrieve this week’s six expressions, then perform a C2 speaking or writing task.",40,,
372,C2,Idiomatic precision,learn,Miss the point,"Select idioms carefully for meaning, register, and context. Practice: miss the point.",35,Vous passez à côté de l'essentiel.,You are missing the main point.
373,C2,Idiomatic precision,learn,Set the record straight,"Select idioms carefully for meaning, register, and context. Practice: set the record straight.",35,Remettons les pendules à l'heure.,Let us set the record straight.
374,C2,Idiomatic precision,learn,Take a step back,"Select idioms carefully for meaning, register, and context. Practice: take a step back.",35,Il faut prendre du recul.,We need to step back.
375,C2,Idiomatic precision,learn,At first sight,"Select idioms carefully for meaning, register, and context. Practice: at first sight.",35,"De prime abord, l'idée paraît séduisante.","At first sight, the idea seems appealing."
376,C2,Idiomatic precision,learn,On balance,"Select idioms carefully for meaning, register, and context. Practice: on balance.",35,"Tout bien pesé, je préfère attendre.","All things considered, I prefer to wait."
377,C2,Idiomatic precision,learn,Without delay,"Select idioms carefully for meaning, register, and context. Practice: without delay.",35,Il a répondu séance tenante.,He replied immediately.
378,C2,Idiomatic precision,review,Review: Idiomatic precision,"Retrieve this week’s six expressions, then perform a C2 speaking or writing task.",40,,
379,C2,Rhetorical structure,learn,Framing,"Craft complex arguments with framing, anticipation, and synthesis. Practice: framing.",35,La question dépasse le seul cadre économique.,The issue extends beyond the economic sphere alone.
380,C2,Rhetorical structure,learn,Anticipation,"Craft complex arguments with framing, anticipation, and synthesis. Practice: anticipation.",35,On objectera que cette solution est coûteuse.,Some will object that this solution is costly.
381,C2,Rhetorical structure,learn,Rebuttal,"Craft complex arguments with framing, anticipation, and synthesis. Practice: rebuttal.",35,Cet argument néglige pourtant les effets à long terme.,Yet that argument overlooks the long-term effects.
382,C2,Rhetorical structure,learn,Pivot,"Craft complex arguments with framing, anticipation, and synthesis. Practice: pivot.",35,L'enjeu véritable se situe ailleurs.,The real issue lies elsewhere.
383,C2,Rhetorical structure,learn,Nuance,"Craft complex arguments with framing, anticipation, and synthesis. Practice: nuance.",35,Il serait abusif d'y voir une règle générale.,It would be excessive to see this as a general rule.
384,C2,Rhetorical structure,learn,Synthesis,"Craft complex arguments with framing, anticipation, and synthesis. Practice: synthesis.",35,Ces réserves n'invalident pas la démarche.,These reservations do not invalidate the approach.
385,C2,Rhetorical structure,review,Review: Rhetorical structure,"Retrieve this week’s six expressions, then perform a C2 speaking or writing task.",40,,
386,C2,Fine register shifts,learn,Conversational,"Move between conversational, academic, and ceremonial French appropriately. Practice: conversational.",35,Ça me paraît un peu risqué.,That seems a bit risky to me.
387,C2,Fine register shifts,learn,Neutral,"Move between conversational, academic, and ceremonial French appropriately. Practice: neutral.",35,Cela me paraît relativement risqué.,That seems relatively risky to me.
388,C2,Fine register shifts,learn,Academic,"Move between conversational, academic, and ceremonial French appropriately. Practice: academic.",35,Une telle démarche comporte des risques non négligeables.,Such an approach entails significant risks.
389,C2,Fine register shifts,learn,Ceremonial,"Move between conversational, academic, and ceremonial French appropriately. Practice: ceremonial.",35,Nous tenons à saluer votre engagement.,We wish to commend your commitment.
390,C2,Fine register shifts,learn,Softened refusal,"Move between conversational, academic, and ceremonial French appropriately. Practice: softened refusal.",35,Je crains de ne pouvoir donner suite.,I am afraid I cannot proceed with it.
391,C2,Fine register shifts,learn,Audience aware,"Move between conversational, academic, and ceremonial French appropriately. Practice: audience aware.",35,Permettez-moi de reformuler pour être plus clair.,Allow me to rephrase to be clearer.
392,C2,Fine register shifts,review,Review: Fine register shifts,"Retrieve this week’s six expressions, then perform a C2 speaking or writing task.",40,,
393,C2,Dense source synthesis,learn,Convergence,Integrate contrasting sources while retaining caveats and attribution. Practice: convergence.,35,Les deux études aboutissent à des constats proches.,The two studies reach similar findings.
394,C2,Dense source synthesis,learn,Divergence,Integrate contrasting sources while retaining caveats and attribution. Practice: divergence.,35,Leurs interprétations divergent sensiblement.,Their interpretations differ substantially.
395,C2,Dense source synthesis,learn,Method caveat,Integrate contrasting sources while retaining caveats and attribution. Practice: method caveat.,35,Les échantillons ne sont toutefois pas comparables.,"The samples are not, however, comparable."
396,C2,Dense source synthesis,learn,Limit of inference,Integrate contrasting sources while retaining caveats and attribution. Practice: limit of inference.,35,On ne saurait établir un lien causal sur cette base.,One cannot establish a causal link on this basis.
397,C2,Dense source synthesis,learn,Attributed synthesis,Integrate contrasting sources while retaining caveats and attribution. Practice: attributed synthesis.,35,"Selon les auteurs, la tendance resterait fragile.","According to the authors, the trend would remain fragile."
398,C2,Dense source synthesis,learn,Balanced takeaway,Integrate contrasting sources while retaining caveats and attribution. Practice: balanced takeaway.,35,Il ressort de ces travaux un tableau contrasté.,These studies paint a mixed picture.
399,C2,Dense source synthesis,review,Review: Dense source synthesis,"Retrieve this week’s six expressions, then perform a C2 speaking or writing task.",40,,
400,C2,Literary nuance and allusion,learn,Narrative distance,"Analyze subtext, voice, and layered interpretations. Practice: narrative distance.",35,Le narrateur laisse planer le doute.,The narrator leaves doubt hanging.
401,C2,Literary nuance and allusion,learn,Double meaning,"Analyze subtext, voice, and layered interpretations. Practice: double meaning.",35,La formule admet plusieurs lectures.,The phrase allows several readings.
402,C2,Literary nuance and allusion,learn,Understatement,"Analyze subtext, voice, and layered interpretations. Practice: understatement.",35,Il n'était pas homme à se laisser convaincre.,He was not a man easily persuaded.
403,C2,Literary nuance and allusion,learn,Allusion,"Analyze subtext, voice, and layered interpretations. Practice: allusion.",35,Cette scène fait écho au premier chapitre.,This scene echoes the first chapter.
404,C2,Literary nuance and allusion,learn,Voice,"Analyze subtext, voice, and layered interpretations. Practice: voice.",35,Le passage mêle ironie et tendresse.,The passage combines irony and tenderness.
405,C2,Literary nuance and allusion,learn,Interpretive humility,"Analyze subtext, voice, and layered interpretations. Practice: interpretive humility.",35,Cette lecture n'épuise pas le sens du texte.,This reading does not exhaust the text's meaning.
406,C2,Literary nuance and allusion,review,Review: Literary nuance and allusion,"Retrieve this week’s six expressions, then perform a C2 speaking or writing task.",40,,
407,C2,High stakes interaction,learn,Clarify scope,"Clarify ambiguity, repair misunderstandings, and negotiate precise commitments. Practice: clarify scope.",35,Précisons ce que recouvre cet engagement.,Let us clarify what this commitment covers.
408,C2,High stakes interaction,learn,Check interpretation,"Clarify ambiguity, repair misunderstandings, and negotiate precise commitments. Practice: check interpretation.",35,"Si je vous comprends bien, l'échéance reste ouverte.","If I understand you correctly, the deadline remains open."
409,C2,High stakes interaction,learn,Repair,"Clarify ambiguity, repair misunderstandings, and negotiate precise commitments. Practice: repair.",35,Je me suis mal exprimé ; je reprends.,I expressed myself badly; let me start again.
410,C2,High stakes interaction,learn,Document caveat,"Clarify ambiguity, repair misunderstandings, and negotiate precise commitments. Practice: document caveat.",35,"Sous réserve de vérification, ce point est acquis.","Subject to verification, this point is settled."
411,C2,High stakes interaction,learn,Boundary,"Clarify ambiguity, repair misunderstandings, and negotiate precise commitments. Practice: boundary.",35,Nous ne pouvons nous engager au-delà de ce montant.,We cannot commit beyond this amount.
412,C2,High stakes interaction,learn,Confirm terms,"Clarify ambiguity, repair misunderstandings, and negotiate precise commitments. Practice: confirm terms.",35,Actons les points sur lesquels nous nous accordons.,Let us record the points on which we agree.
413,C2,High stakes interaction,review,Review: High stakes interaction,"Retrieve this week’s six expressions, then perform a C2 speaking or writing task.",40,,
414,C2,Expert communication capstone,learn,Thesis,"Produce, defend, and revise a complex position for a specific audience. Practice: thesis.",35,Je défendrai une solution graduelle et réversible.,I will defend a gradual and reversible solution.
415,C2,Expert communication capstone,learn,Evidence,"Produce, defend, and revise a complex position for a specific audience. Practice: evidence.",35,Plusieurs indicateurs étayent cette hypothèse.,Several indicators support this hypothesis.
416,C2,Expert communication capstone,learn,Limit,"Produce, defend, and revise a complex position for a specific audience. Practice: limit.",35,J'en reconnais volontiers les limites.,I readily acknowledge its limits.
417,C2,Expert communication capstone,learn,Response,"Produce, defend, and revise a complex position for a specific audience. Practice: response.",35,Votre objection m'amène à préciser ma position.,Your objection leads me to clarify my position.
418,C2,Expert communication capstone,learn,Revision,"Produce, defend, and revise a complex position for a specific audience. Practice: revision.",35,Je modifierais cette recommandation à la lumière des faits.,I would revise this recommendation in light of the facts.
419,C2,Expert communication capstone,learn,Conclusion,"Produce, defend, and revise a complex position for a specific audience. Practice: conclusion.",35,La décision devrait rester ouverte à réexamen.,The decision should remain open to reconsideration.
420,C2,Expert communication capstone,review,Review: Expert communication capstone,"Retrieve this week’s six expressions, then perform a C2 speaking or writing task.",40,,
