A0|Letters, spelling and vowel sounds|Name letters, distinguish letter names from word sounds, read common vowels and accents before making sentences.|Alphabet A–I^A /a/, B /be/, C /se/.^A, B, C letter names.|Alphabet J–Z^J /ʒi/, R /ɛʁ/, U /y/.^J, R, U letter names.|Oral vowels a i o^ami /ami/, ici /isi/, mot /mo/.^friend, here, word.|Accents and e vowels^été /ete/, père /pɛʁ/.^summer, father.|Consonants and final letters^chat /ʃa/, petit /pəti/.^cat, small.|Nasal vowels and sound pairs^bon /bɔ̃/, pain /pɛ̃/.^good, bread.
A0|Counting and first sentences|Count before combining pronouns, verbs and nouns into short utterances.|Numbers 0–10^zéro, un, deux, trois.^zero, one, two, three.|Numbers 11–20^onze, douze, treize, vingt.^eleven, twelve, thirteen, twenty.|Tens and counting patterns^vingt, trente, quarante, cinquante.^twenty, thirty, forty, fifty.|Numbers 60–100^soixante-dix, quatre-vingts, cent.^seventy, eighty, one hundred.|Subject pronouns and être^je suis, tu es, il est.^I am, you are, he is.|First sentence and question^Je suis ici. Tu es ici ?^I am here. Are you here?
A1|Identity and subject pronouns|Identify people and use subject pronouns with être.|I and you^Je suis ici.^I am here.|He and she^Elle est française.^She is French.|We and they^Nous sommes prêts.^We are ready.|Formal you^Vous êtes professeur ?^Are you a teacher?|Names and origin^Je viens du Canada.^I come from Canada.|Simple introductions^C’est mon ami.^He is my friend.
A1|Articles and noun gender|Use definite and indefinite articles with singular nouns.|A person^C'est une femme.^This is a woman.|A place^Voici un hôtel.^Here is a hotel.|The object^Le livre est ici.^The book is here.|Feminine article^La table est grande.^The table is big.|Elision^L'école est ouverte.^The school is open.|Gender awareness^Une amie arrive.^A friend is arriving.
A1|Present tense: regular -er|Conjugate common -er verbs in the present.|I speak^Je parle français.^I speak French.|You work^Tu travailles demain.^You work tomorrow.|She listens^Elle écoute la radio.^She listens to the radio.|We like^Nous aimons la musique.^We like music.|You look^Vous regardez le film.^You watch the film.|They live^Ils habitent à Lyon.^They live in Lyon.
A1|Questions and answers|Ask basic questions with intonation and est-ce que.|Who^Qui est là ?^Who is there?|What^Qu'est-ce que c'est ?^What is it?|Where^Où habites-tu ?^Where do you live?|When^Quand partons-nous ?^When are we leaving?|Yes or no^Est-ce que tu comprends ?^Do you understand?|Why^Pourquoi étudies-tu le français ?^Why are you studying French?
A1|Numbers dates and time|Use larger numbers, dates, and common time expressions.|Tens^Il coûte trente euros.^It costs thirty euros.|Hundreds^Il y a cent personnes.^There are one hundred people.|Day of week^Nous sommes lundi.^It is Monday.|Date^Nous sommes le deux mai.^It is May second.|Clock time^Il est huit heures.^It is eight o'clock.|Appointments^Le cours commence à neuf heures.^Class starts at nine o'clock.
A1|Possession and family|Express possession with avoir and possessive determiners.|Have^J'ai un frère.^I have a brother.|My family^Ma mère travaille ici.^My mother works here.|Your family^Ton père est gentil.^Your father is kind.|His or her^Son amie arrive.^His or her friend is arriving.|Our family^Notre sœur habite ici.^Our sister lives here.|Age with avoir^J'ai vingt ans.^I am twenty years old.
A1|Everyday adjectives|Describe people and things with basic agreement.|Masculine description^Le sac est petit.^The bag is small.|Feminine description^La maison est petite.^The house is small.|Plural description^Les livres sont intéressants.^The books are interesting.|Common prenominal adjective^C'est un beau jour.^It is a beautiful day.|Colors^La voiture est rouge.^The car is red.|Comparison starter^Mon frère est plus grand.^My brother is taller.
A1|Food and partitives|Order food and distinguish articles from partitives.|At the café^Je voudrais un thé.^I would like a tea.|Some bread^Je mange du pain.^I eat bread.|Some water^Elle boit de l'eau.^She drinks water.|Some salad^Nous prenons de la salade.^We are having salad.|Menu choice^Le plat du jour est bon.^The dish of the day is good.|Paying^L'addition, s'il vous plaît.^The bill, please.
A1|Places and directions|Use place prepositions and basic directions.|At home^Je suis à la maison.^I am at home.|In town^La banque est en ville.^The bank is in town.|Next to^La gare est à côté du parc.^The station is next to the park.|Straight ahead^Allez tout droit.^Go straight ahead.|Turn left^Tournez à gauche.^Turn left.|From and to^Je vais de Paris à Lille.^I am going from Paris to Lille.
A1|Negation and frequency|Negate present statements and locate activities in time.|Not^Je ne parle pas anglais.^I do not speak English.|Never^Elle ne fume jamais.^She never smokes.|No longer^Nous ne travaillons plus ici.^We no longer work here.|Often^Je lis souvent le soir.^I often read in the evening.|Sometimes^Il cuisine parfois.^He sometimes cooks.|Every day^Nous marchons tous les jours.^We walk every day.
A2|Irregular present verbs|Use frequent irregular verbs in everyday statements.|Go^Je vais au marché.^I am going to the market.|Do or make^Nous faisons du sport.^We play sports.|Come^Elle vient ce soir.^She is coming tonight.|Take^Tu prends le train.^You take the train.|Can^Je peux aider.^I can help.|Want^Ils veulent partir.^They want to leave.
A2|Reflexive routines|Describe daily routines with reflexive verbs and sequence.|Wake up^Je me réveille tôt.^I wake up early.|Get up^Elle se lève à sept heures.^She gets up at seven.|Get dressed^Nous nous habillons vite.^We get dressed quickly.|Go to bed^Tu te couches tard.^You go to bed late.|Before and after^Je déjeune après le cours.^I eat lunch after class.|Routine story^D'abord, je me lave.^First, I wash myself.
A2|Past events: passé composé|Tell completed past events using avoir and être.|With avoir^J'ai regardé un film.^I watched a movie.|With être^Elle est arrivée hier.^She arrived yesterday.|Movement^Nous sommes partis tôt.^We left early.|Past time^Ils ont mangé ce matin.^They ate this morning.|Negative past^Je n'ai pas compris.^I did not understand.|Sequence^Puis, nous avons visité le musée.^Then we visited the museum.
A2|Imperfect and past contrast|Describe past habits and background with imparfait.|Past habit^Quand j'étais petit, je jouais dehors.^When I was little, I played outside.|Past setting^Il faisait froid.^It was cold.|Repeated activity^Nous allions souvent au parc.^We often went to the park.|Interruption^Je lisais quand tu as appelé.^I was reading when you called.|Description^La rue était calme.^The street was quiet.|Past contrast^Elle dormait quand je suis arrivé.^She was sleeping when I arrived.
A2|Future plans|Talk about intentions and predictions using near and simple future.|Near future^Je vais partir demain.^I am going to leave tomorrow.|Simple future^Nous partirons lundi.^We will leave Monday.|Future weather^Il fera beau demain.^The weather will be nice tomorrow.|Future irregular^Tu auras le temps.^You will have time.|Planning^Je réserverai une table.^I will book a table.|Promise^Je t'appellerai ce soir.^I will call you tonight.
A2|Direct and indirect objects|Replace repeated nouns with object pronouns.|Direct object^Je le vois.^I see him or it.|Feminine object^Je la connais.^I know her.|Plural object^Nous les invitons.^We invite them.|Indirect object^Je lui parle.^I speak to him or her.|Plural indirect^Elle leur écrit.^She writes to them.|Pronoun before verb^Tu me comprends ?^Do you understand me?
A2|Comparisons and quantities|Compare people or things and express amounts.|More than^Ce café est plus grand que l'autre.^This café is bigger than the other one.|Less than^Il est moins cher.^It is less expensive.|As much as^Elle travaille autant que moi.^She works as much as I do.|Enough^Nous avons assez de temps.^We have enough time.|Too much^Il y a trop de bruit.^There is too much noise.|Superlative^C'est le meilleur choix.^It is the best choice.
A2|Travel and accommodation|Complete common travel transactions and explain problems.|Booking^J'ai réservé une chambre.^I booked a room.|Arrival^Le train arrive à midi.^The train arrives at noon.|Ticket^Je voudrais un billet aller-retour.^I would like a return ticket.|Lost item^J'ai perdu mon passeport.^I lost my passport.|Asking for help^Pouvez-vous m'aider ?^Can you help me?|At reception^La réservation est à mon nom.^The booking is in my name.
A2|Health and practical needs|Describe symptoms and make polite requests.|Pain^J'ai mal à la tête.^I have a headache.|Appointment^Je voudrais voir un médecin.^I would like to see a doctor.|Feeling unwell^Elle ne se sent pas bien.^She does not feel well.|Advice^Vous devriez vous reposer.^You should rest.|Pharmacy^Où est la pharmacie ?^Where is the pharmacy?|Emergency^J'ai besoin d'aide.^I need help.
A2|Relative clauses and y/en|Connect simple ideas and use frequent adverbial pronouns.|Who^C'est la personne qui m'aide.^That is the person who helps me.|Which or that^Voici le livre que je lis.^Here is the book I am reading.|Where^C'est la ville où je suis né.^It is the city where I was born.|There with y^J'y vais demain.^I am going there tomorrow.|Some with en^J'en veux deux.^I want two of them.|Of it with en^Elle en parle souvent.^She often talks about it.
B1|Narrating an experience|Structure a personal account with time markers and past contrasts.|Opening^L'année dernière, j'ai déménagé.^Last year, I moved.|Setting^À cette époque, je travaillais à Nantes.^At that time, I worked in Nantes.|Turning point^Soudain, le téléphone a sonné.^Suddenly, the phone rang.|Sequence^Ensuite, nous avons pris une décision.^Then we made a decision.|Reaction^J'étais surpris par la nouvelle.^I was surprised by the news.|Closing^Finalement, tout s'est bien passé.^In the end, everything went well.
B1|Opinions and reasons|Support an opinion with reasons and examples.|Viewpoint^À mon avis, cette idée est utile.^In my opinion, this idea is useful.|Reason^Je préfère le train parce qu'il est pratique.^I prefer the train because it is practical.|Example^Par exemple, on peut lire en voyageant.^For example, one can read while traveling.|Qualification^Cependant, le billet coûte cher.^However, the ticket is expensive.|Agreement^Je suis d'accord avec vous.^I agree with you.|Disagreement^Je ne partage pas cet avis.^I do not share that opinion.
B1|Conditional politeness|Make courteous requests and describe hypothetical choices.|Request^Pourriez-vous répéter ?^Could you repeat?|Wish^J'aimerais apprendre le français.^I would like to learn French.|Suggestion^Nous pourrions partir plus tôt.^We could leave earlier.|Advice^À ta place, je prendrais le bus.^In your position, I would take the bus.|Condition^Si j'avais le temps, je voyagerais.^If I had time, I would travel.|Preference^Je choisirais la seconde option.^I would choose the second option.
B1|Subjunctive introduction|Express necessity, wishes, and doubt with common subjunctive forms.|Necessity^Il faut que tu viennes.^You have to come.|Wish^Je veux qu'elle réussisse.^I want her to succeed.|Doubt^Je doute qu'il soit prêt.^I doubt that he is ready.|Emotion^Je suis heureux que vous soyez là.^I am glad you are here.|Possibility^Il est possible qu'il pleuve.^It is possible that it will rain.|Infinitive contrast^Je veux partir tôt.^I want to leave early.
B1|Work and study|Describe skills, responsibilities, and applications.|Job^Je travaille dans une petite équipe.^I work on a small team.|Responsibility^Je m'occupe des clients.^I take care of customers.|Skill^Je sais organiser un projet.^I know how to organize a project.|Experience^J'ai travaillé deux ans à Lyon.^I worked for two years in Lyon.|Application^Je souhaite postuler à ce poste.^I would like to apply for this position.|Interview^Pouvez-vous décrire votre expérience ?^Can you describe your experience?
B1|News and reported speech|Summarize information and attribute statements accurately.|Headline^Le journal annonce une réforme.^The newspaper announces a reform.|Source^Selon le reportage, la ville change.^According to the report, the city is changing.|Direct quote^Elle dit : « Je reviendrai demain. »^She says, “I will come back tomorrow.”|Indirect speech^Elle dit qu'elle reviendra demain.^She says that she will come back tomorrow.|Past reporting^Il a expliqué qu'il était absent.^He explained that he was absent.|Uncertainty^La cause reste inconnue.^The cause remains unknown.
B1|Environment and solutions|Discuss problems, causes, and realistic actions.|Problem^La pollution augmente dans cette ville.^Pollution is increasing in this city.|Cause^Cela dépend de nos habitudes.^That depends on our habits.|Effect^La chaleur affecte les récoltes.^The heat affects the harvests.|Suggestion^On devrait réduire les déchets.^We should reduce waste.|Comparison^Le vélo pollue moins que la voiture.^A bicycle pollutes less than a car.|Proposal^Nous pourrions recycler davantage.^We could recycle more.
B1|Relationships and social life|Express feelings, boundaries, and interpersonal dynamics.|Friendship^Je connais Léa depuis dix ans.^I have known Léa for ten years.|Invitation^Tu veux venir dîner samedi ?^Would you like to come to dinner Saturday?|Apology^Je suis désolé d'être en retard.^I am sorry for being late.|Conflict^Nous ne sommes pas d'accord sur ce point.^We disagree on this point.|Reconciliation^Nous avons fini par nous comprendre.^We eventually understood each other.|Support^Tu peux compter sur moi.^You can count on me.
B1|Passive and impersonal forms|Shift focus from the actor to the event or process.|Present passive^Ce produit est fabriqué en France.^This product is made in France.|Past passive^La route a été fermée hier.^The road was closed yesterday.|Agent^Le livre a été écrit par une historienne.^The book was written by a historian.|Impersonal on^On parle français ici.^French is spoken here.|Il est important^Il est important de vérifier les faits.^It is important to check the facts.|Process^Le dossier sera examiné demain.^The file will be examined tomorrow.
B1|Complex negatives and restriction|Differentiate absence, restriction, and partial negation.|Nothing^Je n'ai rien compris.^I understood nothing.|Nobody^Personne ne répond.^Nobody is answering.|Only^Je n'ai que dix minutes.^I only have ten minutes.|Neither nor^Je ne veux ni café ni thé.^I want neither coffee nor tea.|Not yet^Elle n'est pas encore arrivée.^She has not arrived yet.|No more^Il n'y a plus de pain.^There is no bread left.
B1|Letters and emails|Write coherent messages for common formal and informal needs.|Opening^Madame, je vous écris au sujet du contrat.^Dear Madam, I am writing about the contract.|Reason^Je souhaite obtenir des renseignements.^I would like to obtain information.|Detail^Le colis est arrivé endommagé.^The parcel arrived damaged.|Request^Pourriez-vous me répondre avant vendredi ?^Could you reply before Friday?|Closing^Je vous remercie de votre aide.^Thank you for your help.|Informal note^Salut, on se retrouve demain ?^Hi, shall we meet tomorrow?
B1|Describing culture|Compare customs, interpret experiences, and avoid overgeneralization.|Observation^Dans ma région, on dîne assez tard.^In my region, people eat fairly late.|Contrast^En revanche, les magasins ferment tôt.^On the other hand, shops close early.|Context^Cette tradition varie selon les familles.^This tradition varies by family.|Preference^J'apprécie cette manière de célébrer.^I appreciate this way of celebrating.|Question^Comment fêtez-vous cette occasion ?^How do you celebrate this occasion?|Reflection^Cela m'a fait voir les choses autrement.^That made me see things differently.
B2|Argument structure|Build a balanced argument with claim, evidence, and concession.|Claim^Cette mesure pourrait améliorer l'accès aux soins.^This measure could improve access to healthcare.|Evidence^Les chiffres confirment cette tendance.^The figures confirm this trend.|Concession^Certes, la réforme a un coût.^Admittedly, the reform has a cost.|Counterargument^Toutefois, ses bénéfices sont durables.^However, its benefits are lasting.|Synthesis^Il faut donc peser les deux aspects.^We must therefore weigh both aspects.|Conclusion^En somme, une approche progressive semble préférable.^In short, a gradual approach seems preferable.
B2|Nuanced cause and consequence|Connect complex causes and distinguish intended from unintended effects.|Because of^En raison des travaux, la rue est fermée.^Because of construction, the street is closed.|Since^Puisque vous êtes là, commençons.^Since you are here, let us begin.|As a result^La demande augmente ; par conséquent, les prix montent.^Demand is rising; consequently, prices are rising.|So that^Nous adaptons l'horaire afin que chacun participe.^We are changing the schedule so that everyone can take part.|Unintended effect^Cette décision risque d'aggraver le problème.^This decision may make the problem worse.|Cause distinction^La hausse s'explique en partie par les coûts.^The rise is partly explained by costs.
B2|Advanced relative pronouns|Use dont, lequel, and prepositional relative forms.|Dont^C'est un sujet dont nous parlons souvent.^This is a subject we often talk about.|Lequel^Voici le dossier sur lequel je travaille.^Here is the file I am working on.|Auquel^C'est un projet auquel je tiens.^It is a project I care about.|Duquel^Le bâtiment près duquel j'habite est ancien.^The building near which I live is old.|Ce qui^Ce qui m'inquiète, c'est le délai.^What worries me is the deadline.|Ce dont^Ce dont j'ai besoin, c'est de temps.^What I need is time.
B2|Past perfect and anteriority|Express earlier past actions and sequence events precisely.|Plus-que-parfait^J'avais déjà mangé quand elle est arrivée.^I had already eaten when she arrived.|Cause in past^Il était fatigué parce qu'il avait mal dormi.^He was tired because he had slept badly.|Before^Avant de partir, j'ai fermé la porte.^Before leaving, I closed the door.|After^Après avoir terminé, elle est sortie.^After finishing, she went out.|Future perfect^Quand tu arriveras, j'aurai fini.^When you arrive, I will have finished.|Past sequence^Dès qu'il avait fini, il partait.^As soon as he had finished, he would leave.
B2|Hypothetical past and regrets|Describe unreal past conditions and consequences.|Past condition^Si j'avais su, je serais venu.^If I had known, I would have come.|Regret^J'aurais dû vous prévenir.^I should have warned you.|Alternative^Nous aurions pu agir plus tôt.^We could have acted sooner.|Conditional past^Elle aurait accepté l'offre.^She would have accepted the offer.|Mixed condition^Si j'avais étudié, je serais prêt aujourd'hui.^If I had studied, I would be ready today.|Unconfirmed report^Le ministre aurait démissionné.^The minister has reportedly resigned.
B2|Advanced subjunctive|Use the subjunctive with concession, purpose, and uncertainty.|Concession^Bien qu'il soit tard, continuons.^Although it is late, let us continue.|Purpose^Je répète pour que vous compreniez.^I repeat so that you understand.|Before^Partons avant qu'il ne pleuve.^Let us leave before it rains.|Until^Attends jusqu'à ce qu'elle revienne.^Wait until she comes back.|Uncertainty^Je cherche quelqu'un qui puisse m'aider.^I am looking for someone who can help me.|Indicative contrast^Je sais qu'il est là.^I know that he is there.
B2|Debate and interruption|Take and hold turns in discussion while acknowledging others.|Interject^Si je peux me permettre, j'ajouterais un point.^If I may, I would add a point.|Clarify^Pourriez-vous préciser votre argument ?^Could you clarify your argument?|Reframe^Autrement dit, le problème est structurel.^In other words, the problem is structural.|Concede^Je reconnais que cet argument est valable.^I acknowledge that this argument is valid.|Challenge^Sur quelles données vous appuyez-vous ?^What data are you relying on?|Close turn^Je vous laisse répondre à cette question.^I will let you answer that question.
B2|Media and source evaluation|Interpret framing, claims, evidence, and bias in media.|Attribution^D'après l'enquête, les usages évoluent.^According to the survey, practices are changing.|Fact versus opinion^Cette affirmation demande une vérification.^That claim needs verification.|Framing^Le titre exagère la portée du résultat.^The headline exaggerates the significance of the result.|Uncertainty^Les données restent insuffisantes pour conclure.^The data remain insufficient to draw a conclusion.|Comparison^Deux sources donnent des chiffres différents.^Two sources give different figures.|Synthesis^Les témoignages nuancent les statistiques.^The accounts add nuance to the statistics.
B2|Professional writing|Write formal proposals, complaints, and summaries.|Purpose^Je vous soumets cette proposition pour examen.^I submit this proposal for review.|Context^À la suite de notre entretien, voici un résumé.^Following our meeting, here is a summary.|Request^Je vous saurais gré de confirmer la réception.^I would appreciate confirmation of receipt.|Complaint^Le service ne correspond pas au contrat.^The service does not match the contract.|Recommendation^Je recommande de revoir le calendrier.^I recommend revising the schedule.|Closing^Je reste à votre disposition pour en discuter.^I remain available to discuss it.
B2|Mediation and summaries|Summarize information for someone with different needs or background.|Identify main point^Le document traite de l'accès au logement.^The document deals with access to housing.|Paraphrase^En termes simples, le coût a augmenté.^In simple terms, the cost has increased.|Compare views^Les deux auteurs s'accordent sur le constat.^The two authors agree on the observation.|Surface difference^Ils divergent toutefois sur les solutions.^They differ, however, on the solutions.|Explain for audience^Pour un nouveau venu, cela signifie un délai.^For a newcomer, this means a delay.|Check understanding^Est-ce que ce résumé répond à votre question ?^Does this summary answer your question?
C1|Register and audience|Adjust tone, syntax, and word choice to audience and purpose.|Familiar^Tu me tiens au courant ?^Will you keep me posted?|Neutral^Pouvez-vous me tenir au courant ?^Can you keep me updated?|Formal^Je vous prie de bien vouloir me tenir informé.^I would be grateful if you would keep me informed.|Impersonal^Il conviendrait de préciser les modalités.^It would be appropriate to clarify the arrangements.|Diplomatic^Il me semble que ce point mérite réflexion.^It seems to me that this point deserves thought.|Audience shift^Pour le public, reformulons ce terme.^For the public, let us rephrase this term.
C1|Implicit meaning and irony|Identify implied viewpoints, understatement, and ironic distance.|Understatement^Ce n'est pas sa meilleure idée.^It is not his best idea.|Implied criticism^On aurait pu consulter les habitants.^The residents could have been consulted.|Irony^Quelle excellente idée de partir sous l'orage !^What a brilliant idea to leave in the storm!|Qualification^Disons que les résultats sont mitigés.^Let us say that the results are mixed.|Presupposition^Même Paul a accepté la proposition.^Even Paul accepted the proposal.|Read between lines^Il s'est gardé de répondre directement.^He avoided answering directly.
C1|Nominalization and density|Condense clauses for formal writing without hiding meaning.|Verb to noun^La réduction des coûts reste prioritaire.^Reducing costs remains a priority.|Process^La mise en œuvre prendra du temps.^Implementation will take time.|Abstract noun^Cette évolution pose plusieurs questions.^This development raises several questions.|Unpack density^Le projet a été annulé faute de financement.^The project was canceled for lack of funding.|Agent clarity^Le comité a approuvé la modification.^The committee approved the change.|Plain rewrite^Nous avons modifié le plan après consultation.^We changed the plan after consultation.
C1|Complex cohesion|Guide a reader through contrast, restriction, and synthesis.|On one hand^D'une part, la solution est rapide.^On one hand, the solution is quick.|On the other^D'autre part, elle reste coûteuse.^On the other hand, it remains expensive.|Nevertheless^Néanmoins, elle mérite d'être étudiée.^Nevertheless, it deserves to be studied.|That said^Cela dit, les risques demeurent.^That said, the risks remain.|In this respect^À cet égard, l'exemple est révélateur.^In this regard, the example is revealing.|Taken together^Au total, ces éléments plaident pour un essai.^Overall, these points support a trial.
C1|Evidence and uncertainty|Calibrate confidence and distinguish evidence from interpretation.|Tentative^Il semble que la tendance se confirme.^It appears that the trend is being confirmed.|Evidence^Les résultats tendent à montrer une amélioration.^The results tend to show an improvement.|Limit^Cette étude ne permet pas de généraliser.^This study does not allow generalization.|Caution^Il serait prématuré d'en déduire une cause.^It would be premature to infer a cause.|Counterexample^Un contre-exemple suffit à nuancer la thèse.^One counterexample is enough to qualify the thesis.|Conclusion^Nous pouvons conclure avec prudence.^We can draw a cautious conclusion.
C1|Literary and journalistic style|Interpret imagery, perspective, and stylistic choices.|Imagery^La ville s'éveillait sous la pluie.^The city was waking beneath the rain.|Narrator^Le narrateur ignore encore la vérité.^The narrator does not yet know the truth.|Perspective^Le récit adopte le point de vue de l'enfant.^The story adopts the child's point of view.|Tone^L'auteur choisit un ton volontairement sobre.^The author deliberately chooses a restrained tone.|Metaphor^Cette décision a ouvert une brèche.^That decision opened a breach.|Interpretation^Cette image suggère une rupture progressive.^This image suggests a gradual break.
C1|Negotiation and diplomacy|Manage disagreement while preserving relationships and clarifying terms.|Common ground^Nous partageons le même objectif.^We share the same goal.|Condition^Nous pourrions accepter sous certaines conditions.^We could accept under certain conditions.|Tradeoff^Cette option offrirait davantage de souplesse.^This option would offer greater flexibility.|Objection^Je comprends votre réserve sur les délais.^I understand your concern about the deadlines.|Counterproposal^Je vous propose de revoir le calendrier.^I suggest that we revisit the schedule.|Agreement^Nous sommes convenus d'un compromis.^We agreed on a compromise.
C1|Extended presentation|Organize a sustained explanation and respond to follow-up questions.|Opening^Je commencerai par situer le problème.^I will start by framing the problem.|Roadmap^J'aborderai ensuite trois pistes de solution.^I will then address three possible solutions.|Transition^Venons-en maintenant aux conséquences.^Let us now turn to the consequences.|Emphasis^Ce point mérite une attention particulière.^This point deserves special attention.|Question handling^Votre question porte sur les coûts indirects.^Your question concerns indirect costs.|Close^Je conclurai par deux recommandations.^I will conclude with two recommendations.
C2|Subtle modality|Differentiate assertion, conjecture, obligation, and reported claims.|Conjecture^Il se pourrait que la situation évolue.^The situation might change.|Distance^Il aurait, paraît-il, refusé l'offre.^He apparently declined the offer, so they say.|Necessity^Encore faudrait-il obtenir leur accord.^Their agreement would still have to be obtained.|Counterfactual^À défaut d'aide, le projet aurait échoué.^Without help, the project would have failed.|Tentative assertion^Tout porte à croire qu'elle avait raison.^Everything suggests that she was right.|Qualified certainty^Il ne fait guère de doute que cela compte.^There is little doubt that it matters.
C2|Idiomatic precision|Select idioms carefully for meaning, register, and context.|Miss the point^Vous passez à côté de l'essentiel.^You are missing the main point.|Set the record straight^Remettons les pendules à l'heure.^Let us set the record straight.|Take a step back^Il faut prendre du recul.^We need to step back.|At first sight^De prime abord, l'idée paraît séduisante.^At first sight, the idea seems appealing.|On balance^Tout bien pesé, je préfère attendre.^All things considered, I prefer to wait.|Without delay^Il a répondu séance tenante.^He replied immediately.
C2|Rhetorical structure|Craft complex arguments with framing, anticipation, and synthesis.|Framing^La question dépasse le seul cadre économique.^The issue extends beyond the economic sphere alone.|Anticipation^On objectera que cette solution est coûteuse.^Some will object that this solution is costly.|Rebuttal^Cet argument néglige pourtant les effets à long terme.^Yet that argument overlooks the long-term effects.|Pivot^L'enjeu véritable se situe ailleurs.^The real issue lies elsewhere.|Nuance^Il serait abusif d'y voir une règle générale.^It would be excessive to see this as a general rule.|Synthesis^Ces réserves n'invalident pas la démarche.^These reservations do not invalidate the approach.
C2|Fine register shifts|Move between conversational, academic, and ceremonial French appropriately.|Conversational^Ça me paraît un peu risqué.^That seems a bit risky to me.|Neutral^Cela me paraît relativement risqué.^That seems relatively risky to me.|Academic^Une telle démarche comporte des risques non négligeables.^Such an approach entails significant risks.|Ceremonial^Nous tenons à saluer votre engagement.^We wish to commend your commitment.|Softened refusal^Je crains de ne pouvoir donner suite.^I am afraid I cannot proceed with it.|Audience aware^Permettez-moi de reformuler pour être plus clair.^Allow me to rephrase to be clearer.
C2|Dense source synthesis|Integrate contrasting sources while retaining caveats and attribution.|Convergence^Les deux études aboutissent à des constats proches.^The two studies reach similar findings.|Divergence^Leurs interprétations divergent sensiblement.^Their interpretations differ substantially.|Method caveat^Les échantillons ne sont toutefois pas comparables.^The samples are not, however, comparable.|Limit of inference^On ne saurait établir un lien causal sur cette base.^One cannot establish a causal link on this basis.|Attributed synthesis^Selon les auteurs, la tendance resterait fragile.^According to the authors, the trend would remain fragile.|Balanced takeaway^Il ressort de ces travaux un tableau contrasté.^These studies paint a mixed picture.
C2|Literary nuance and allusion|Analyze subtext, voice, and layered interpretations.|Narrative distance^Le narrateur laisse planer le doute.^The narrator leaves doubt hanging.|Double meaning^La formule admet plusieurs lectures.^The phrase allows several readings.|Understatement^Il n'était pas homme à se laisser convaincre.^He was not a man easily persuaded.|Allusion^Cette scène fait écho au premier chapitre.^This scene echoes the first chapter.|Voice^Le passage mêle ironie et tendresse.^The passage combines irony and tenderness.|Interpretive humility^Cette lecture n'épuise pas le sens du texte.^This reading does not exhaust the text's meaning.
C2|High stakes interaction|Clarify ambiguity, repair misunderstandings, and negotiate precise commitments.|Clarify scope^Précisons ce que recouvre cet engagement.^Let us clarify what this commitment covers.|Check interpretation^Si je vous comprends bien, l'échéance reste ouverte.^If I understand you correctly, the deadline remains open.|Repair^Je me suis mal exprimé ; je reprends.^I expressed myself badly; let me start again.|Document caveat^Sous réserve de vérification, ce point est acquis.^Subject to verification, this point is settled.|Boundary^Nous ne pouvons nous engager au-delà de ce montant.^We cannot commit beyond this amount.|Confirm terms^Actons les points sur lesquels nous nous accordons.^Let us record the points on which we agree.
C2|Expert communication capstone|Produce, defend, and revise a complex position for a specific audience.|Thesis^Je défendrai une solution graduelle et réversible.^I will defend a gradual and reversible solution.|Evidence^Plusieurs indicateurs étayent cette hypothèse.^Several indicators support this hypothesis.|Limit^J'en reconnais volontiers les limites.^I readily acknowledge its limits.|Response^Votre objection m'amène à préciser ma position.^Your objection leads me to clarify my position.|Revision^Je modifierais cette recommandation à la lumière des faits.^I would revise this recommendation in light of the facts.|Conclusion^La décision devrait rester ouverte à réexamen.^The decision should remain open to reconsideration.
